PH,EC,OC,N,P2O5,K20,S,CU,FC,MN,ZN,BA,Temparature,Humidity,Rainfall,SOIL_TYPE_1,SOIL_TYPE_2,SOIL_TYPE_3,SOIL_TYPE_4,SOIL_TYPE_5,SOIL_TYPE_7,SOIL_TYPE_8,SOIL_TYPE_9,SOIL_TYPE_10,SOIL_TYPE_11,SOIL_TYPE_12,SOIL_TYPE_13
8.01,0.12,0.23,150.0,14.0,270.0,7.0,0.03,16.72,16.69,1.32,0.256,34.59,77.4,834.3,1.0,0.0,0.0,0.0,0.0,0.0,0.0,0.0,0.0,0.0,0.0,0.0
7.96,0.1,0.07,226.0,55.0,290.0,8.0,2.286,12.21,15.07,1.108,3.84,34.59,77.4,834.3,1.0,0.0,0.0,0.0,0.0,0.0,0.0,0.0,0.0,0.0,0.0,0.0
8.03,0.08,0.2,276.0,8.0,574.0,14.0,2.566,3.564,15.63,0.99,0.192,34.59,77.4,834.3,0.0,1.0,0.0,0.0,0.0,0.0,0.0,0.0,0.0,0.0,0.0,0.0
8.4,0.06,0.15,213.0,30.0,243.0,20.0,2.028,2.5,11.33,1.114,0.16,34.59,77.4,834.3,1.0,0.0,0.0,0.0,0.0,0.0,0.0,0.0,0.0,0.0,0.0,0.0
7.99,0.04,0.27,250.0,13.0,486.0,14.0,1.664,1.498,13.12,0.938,0.512,34.59,77.4,834.3,1.0,0.0,0.0,0.0,0.0,0.0,0.0,0.0,0.0,0.0,0.0,0.0
8.1,0.09,0.23,276.0,14.0,392.0,8.0,0.038,15.91,14.07,0.39,0.256,34.59,77.4,834.3,1.0,0.0,0.0,0.0,0.0,0.0,0.0,0.0,0.0,0.0,0.0,0.0
7.16,0.18,0.15,201.0,34.0,446.0,5.0,3.254,1.654,19.27,0.868,0.096,34.59,77.4,834.3,0.0,1.0,0.0,0.0,0.0,0.0,0.0,0.0,0.0,0.0,0.0,0.0
8.11,0.14,0.11,213.0,35.0,392.0,15.0,1.9,5.382,13.02,0.232,0.46,34.59,77.4,834.3,0.0,1.0,0.0,0.0,0.0,0.0,0.0,0.0,0.0,0.0,0.0,0.0
8.12,0.1,0.23,213.0,11.0,270.0,30.0,2.092,3.314,14.79,0.44,0.128,34.59,77.4,834.3,0.0,1.0,0.0,0.0,0.0,0.0,0.0,0.0,0.0,0.0,0.0,0.0
8.13,0.07,0.15,250.0,29.0,486.0,9.0,0.03,3.252,15.53,0.498,0.352,34.59,77.4,834.3,0.0,1.0,0.0,0.0,0.0,0.0,0.0,0.0,0.0,0.0,0.0,0.0
8.19,0.08,0.11,213.0,20.0,446.0,14.0,0.91,2.098,14.97,0.51,0.2,34.59,77.4,834.3,0.0,1.0,0.0,0.0,0.0,0.0,0.0,0.0,0.0,0.0,0.0,0.0
8.34,0.05,0.19,226.0,21.0,162.0,8.0,2.028,3.564,10.62,0.706,0.096,34.59,77.4,834.3,0.0,1.0,0.0,0.0,0.0,0.0,0.0,0.0,0.0,0.0,0.0,0.0
8.05,0.11,0.27,188.0,10.0,122.0,5.0,1.728,3.346,12.82,0.57,0.672,34.59,77.4,834.3,1.0,0.0,0.0,0.0,0.0,0.0,0.0,0.0,0.0,0.0,0.0,0.0
8.16,0.06,0.15,213.0,30.0,608.0,7.0,2.458,2.812,12.24,0.214,0.224,34.59,77.4,834.3,1.0,0.0,0.0,0.0,0.0,0.0,0.0,0.0,0.0,0.0,0.0,0.0
8.1,0.02,0.23,201.0,17.0,486.0,14.0,2.63,14.598,17.55,0.272,0.416,34.59,77.4,834.3,1.0,0.0,0.0,0.0,0.0,0.0,0.0,0.0,0.0,0.0,0.0,0.0
8.06,0.05,0.17,276.0,42.0,567.0,7.0,0.214,4.15,5.598,0.054,0.16,34.59,77.4,834.3,1.0,0.0,0.0,0.0,0.0,0.0,0.0,0.0,0.0,0.0,0.0,0.0
8.16,0.08,0.23,188.0,30.0,304.0,3.0,0.184,3.488,0.954,0.118,0.224,34.59,77.4,834.3,1.0,0.0,0.0,0.0,0.0,0.0,0.0,0.0,0.0,0.0,0.0,0.0
7.95,0.1,0.19,226.0,17.0,169.0,14.0,0.058,5.354,4.794,0.194,0.416,34.59,77.4,834.3,1.0,0.0,0.0,0.0,0.0,0.0,0.0,0.0,0.0,0.0,0.0,0.0
8.13,0.12,0.23,256.0,23.0,216.0,1.0,0.088,4.21,5.854,0.14,0.84,34.59,77.4,834.3,1.0,0.0,0.0,0.0,0.0,0.0,0.0,0.0,0.0,0.0,0.0,0.0
7.33,0.16,0.27,226.0,12.0,324.0,5.0,0.34,4.09,5.16,0.098,0.16,34.59,77.4,834.3,1.0,0.0,0.0,0.0,0.0,0.0,0.0,0.0,0.0,0.0,0.0,0.0
7.86,0.1,0.15,238.0,18.0,405.0,3.0,0.088,4.632,3.214,0.15,0.448,34.59,77.4,834.3,1.0,0.0,0.0,0.0,0.0,0.0,0.0,0.0,0.0,0.0,0.0,0.0
8.05,0.1,0.27,201.0,49.0,338.0,11.0,0.844,4.692,4.172,0.022,0.096,34.59,77.4,834.3,1.0,0.0,0.0,0.0,0.0,0.0,0.0,0.0,0.0,0.0,0.0,0.0
8.09,0.15,0.19,213.0,28.0,500.0,1.0,0.34,4.512,1.648,0.494,0.416,34.59,77.4,834.3,1.0,0.0,0.0,0.0,0.0,0.0,0.0,0.0,0.0,0.0,0.0,0.0
7.34,0.1,0.35,226.0,35.0,358.0,5.0,0.24,4.812,2.16,0.258,0.096,34.59,77.4,834.3,1.0,0.0,0.0,0.0,0.0,0.0,0.0,0.0,0.0,0.0,0.0,0.0
8.04,0.1,0.46,238.0,46.0,392.0,15.0,2.054,10.16,7.218,0.508,0.608,36.12,72.86,770.6,0.0,0.0,1.0,0.0,0.0,0.0,0.0,0.0,0.0,0.0,0.0,0.0
7.9,0.12,0.11,150.0,36.0,473.0,6.0,1.64,5.664,6.826,0.022,0.064,36.12,72.86,770.6,0.0,0.0,1.0,0.0,0.0,0.0,0.0,0.0,0.0,0.0,0.0,0.0
7.82,0.16,0.15,176.0,18.0,500.0,20.0,2.124,4.458,2.276,0.494,0.09,36.12,72.86,770.6,0.0,0.0,1.0,0.0,0.0,0.0,0.0,0.0,0.0,0.0,0.0,0.0
8.01,0.2,0.07,226.0,9.0,419.0,25.0,1.502,4.32,9.564,1.98,0.192,36.12,72.86,770.6,0.0,0.0,1.0,0.0,0.0,0.0,0.0,0.0,0.0,0.0,0.0,0.0
7.95,0.16,0.07,188.0,5.0,392.0,35.0,3.506,4.458,3.168,2.272,0.288,36.12,72.86,770.6,1.0,0.0,0.0,0.0,0.0,0.0,0.0,0.0,0.0,0.0,0.0,0.0
8.1,0.2,0.07,263.0,14.0,284.0,42.0,0.602,5.572,2.312,0.55,0.416,36.12,72.86,770.6,1.0,0.0,0.0,0.0,0.0,0.0,0.0,0.0,0.0,0.0,0.0,0.0
8.12,0.16,0.39,250.0,55.0,439.0,18.0,1.156,1.816,6.08,0.3,0.224,36.12,72.86,770.6,1.0,0.0,0.0,0.0,0.0,0.0,0.0,0.0,0.0,0.0,0.0,0.0
8.0,0.24,0.15,163.0,23.0,338.0,13.0,0.118,6.174,10.06,0.008,0.418,36.12,72.86,770.6,1.0,0.0,0.0,0.0,0.0,0.0,0.0,0.0,0.0,0.0,0.0,0.0
7.65,0.11,0.27,201.0,46.0,635.0,5.0,0.74,4.32,10.2,0.272,0.384,36.12,72.86,770.6,1.0,0.0,0.0,0.0,0.0,0.0,0.0,0.0,0.0,0.0,0.0,0.0
7.9,0.24,0.19,238.0,27.0,554.0,36.0,1.916,2.698,3.84,0.354,0.352,36.12,72.86,770.6,0.0,0.0,0.0,1.0,0.0,0.0,0.0,0.0,0.0,0.0,0.0,0.0
7.95,0.16,0.11,188.0,55.0,419.0,17.0,0.602,3.022,18.77,1.452,2.592,36.12,72.86,770.6,1.0,0.0,0.0,0.0,0.0,0.0,0.0,0.0,0.0,0.0,0.0,0.0
8.01,0.12,0.31,213.0,23.0,331.0,27.0,1.78,2.724,19.52,0.59,0.192,36.12,72.86,770.6,1.0,0.0,0.0,0.0,0.0,0.0,0.0,0.0,0.0,0.0,0.0,0.0
7.8,0.2,0.27,163.0,27.0,270.0,7.0,1.57,6.36,3.946,0.896,0.416,36.12,72.86,770.6,1.0,0.0,0.0,0.0,0.0,0.0,0.0,0.0,0.0,0.0,0.0,0.0
7.86,0.14,0.19,226.0,14.0,203.0,21.0,4.404,7.75,4.309,2.73,0.359,36.12,72.86,770.6,1.0,0.0,0.0,0.0,0.0,0.0,0.0,0.0,0.0,0.0,0.0,0.0
7.26,0.38,0.23,263.0,5.0,169.0,10.0,3.576,2.93,1.494,0.66,2.944,36.12,72.86,770.6,1.0,0.0,0.0,0.0,0.0,0.0,0.0,0.0,0.0,0.0,0.0,0.0
8.14,0.24,0.27,163.0,82.0,230.0,19.0,1.708,4.922,2.454,0.244,0.096,36.12,72.86,770.6,1.0,0.0,0.0,0.0,0.0,0.0,0.0,0.0,0.0,0.0,0.0,0.0
8.0,0.2,0.31,238.0,109.0,270.0,23.0,0.88,3.95,0.356,0.05,0.288,36.12,72.86,770.6,1.0,0.0,0.0,0.0,0.0,0.0,0.0,0.0,0.0,0.0,0.0,0.0
7.86,0.14,0.23,288.0,46.0,351.0,37.0,1.708,13.03,4.124,0.104,0.224,36.12,72.86,770.6,1.0,0.0,0.0,0.0,0.0,0.0,0.0,0.0,0.0,0.0,0.0,0.0
8.43,0.26,0.27,226.0,36.0,419.0,10.0,0.214,2.106,3.074,0.376,0.416,34.7,45.09,626.4,1.0,0.0,0.0,0.0,0.0,0.0,0.0,0.0,0.0,0.0,0.0,0.0
8.15,0.28,0.19,313.0,18.0,486.0,18.0,0.718,2.88,3.294,0.204,0.192,34.7,45.09,626.4,1.0,0.0,0.0,0.0,0.0,0.0,0.0,0.0,0.0,0.0,0.0,0.0
8.31,0.24,0.15,263.0,14.0,473.0,14.0,0.152,2.466,0.004,0.302,1.92,34.7,45.09,626.4,1.0,0.0,0.0,0.0,0.0,0.0,0.0,0.0,0.0,0.0,0.0,0.0
8.1,0.16,0.11,238.0,9.0,594.0,8.0,0.214,0.962,0.516,0.506,0.224,34.7,45.09,626.4,0.0,0.0,1.0,0.0,0.0,0.0,0.0,0.0,0.0,0.0,0.0,0.0
8.49,0.12,0.19,213.0,14.0,608.0,5.0,0.026,1.564,3.184,0.592,0.096,34.7,45.09,626.4,0.0,0.0,1.0,0.0,0.0,0.0,0.0,0.0,0.0,0.0,0.0,0.0
8.35,0.1,0.23,250.0,23.0,500.0,2.0,0.278,0.0962,2.014,1.14,0.192,34.7,45.09,626.4,0.0,0.0,1.0,0.0,0.0,0.0,0.0,0.0,0.0,0.0,0.0,0.0
8.25,0.12,0.03,213.0,9.0,425.0,16.0,0.466,1.022,1.138,1.042,2.78,34.7,45.09,626.4,0.0,0.0,1.0,0.0,0.0,0.0,0.0,0.0,0.0,0.0,0.0,0.0
8.19,0.15,0.27,276.0,27.0,520.0,6.0,0.12,1.924,5.012,0.312,0.096,34.7,45.09,626.4,0.0,0.0,1.0,0.0,0.0,0.0,0.0,0.0,0.0,0.0,0.0,0.0
8.23,0.14,0.31,286.0,18.0,398.0,5.0,0.12,2.286,1.138,0.452,0.192,34.7,45.09,626.4,0.0,0.0,1.0,0.0,0.0,0.0,0.0,0.0,0.0,0.0,0.0,0.0
8.06,0.1,0.23,276.0,5.0,446.0,7.0,0.058,0.962,1.394,1.0,0.128,34.7,45.09,626.4,1.0,0.0,0.0,0.0,0.0,0.0,0.0,0.0,0.0,0.0,0.0,0.0
8.15,0.1,0.19,276.0,32.0,581.0,5.0,0.058,6.016,3.294,0.302,0.16,34.7,45.09,626.4,1.0,0.0,0.0,0.0,0.0,0.0,0.0,0.0,0.0,0.0,0.0,0.0
8.15,0.09,0.42,288.0,18.0,473.0,2.0,0.31,1.082,0.47,0.312,0.96,34.7,45.09,626.4,1.0,0.0,0.0,0.0,0.0,0.0,0.0,0.0,0.0,0.0,0.0,0.0
8.16,0.17,0.19,263.0,14.0,621.0,7.0,0.246,1.204,4.244,0.376,0.416,34.7,45.09,626.4,0.0,0.0,1.0,0.0,0.0,0.0,0.0,0.0,0.0,0.0,0.0,0.0
8.16,0.1,0.11,21.0,23.0,432.0,11.0,0.34,1.142,6.914,0.408,0.128,34.7,45.09,626.4,0.0,0.0,0.0,0.0,0.0,0.0,0.0,1.0,0.0,0.0,0.0,0.0
8.08,0.16,0.23,288.0,18.0,311.0,9.0,0.592,1.264,3.916,0.204,1.12,34.7,45.09,626.4,0.0,0.0,1.0,0.0,0.0,0.0,0.0,0.0,0.0,0.0,0.0,0.0
7.96,0.12,0.07,250.0,27.0,486.0,8.0,0.466,2.286,1.356,0.076,0.096,34.7,45.09,626.4,0.0,0.0,1.0,0.0,0.0,0.0,0.0,0.0,0.0,0.0,0.0,0.0
7.93,0.1,0.15,313.0,9.0,405.0,7.0,0.026,1.264,2.088,0.558,0.416,34.7,45.09,626.4,1.0,0.0,0.0,0.0,0.0,0.0,0.0,0.0,0.0,0.0,0.0,0.0
8.3,0.14,0.07,2.76,18.0,324.0,5.0,0.404,0.962,2.014,0.236,0.064,34.7,45.09,626.4,1.0,0.0,0.0,0.0,0.0,0.0,0.0,0.0,0.0,0.0,0.0,0.0
8.32,0.22,0.15,263.0,14.0,486.0,5.0,0.562,1.504,1.1,0.118,0.128,34.7,45.09,626.4,1.0,0.0,0.0,0.0,0.0,0.0,0.0,0.0,0.0,0.0,0.0,0.0
8.23,0.2,0.23,238.0,27.0,338.0,11.0,0.34,1.804,1.356,0.268,2.124,34.7,45.09,626.4,1.0,0.0,0.0,0.0,0.0,0.0,0.0,0.0,0.0,0.0,0.0,0.0
8.15,0.21,0.5,213.0,5.0,392.0,5.0,0.436,4.872,2.526,0.14,0.096,35.38,79.97,630.7,0.0,0.0,1.0,0.0,0.0,0.0,0.0,0.0,0.0,0.0,0.0,0.0
8.26,0.2,0.19,250.0,14.0,500.0,14.0,0.372,1.504,1.942,0.022,0.512,35.38,79.97,630.7,0.0,0.0,0.0,0.0,0.0,0.0,0.0,0.0,0.0,0.0,0.0,1.0
8.02,0.19,0.42,276.0,27.0,466.0,19.0,0.12,2.286,1.82,0.334,0.224,35.38,79.97,630.7,0.0,0.0,1.0,0.0,0.0,0.0,0.0,0.0,0.0,0.0,0.0,0.0
7.97,0.17,0.8,213.0,36.0,581.0,18.0,0.026,1.324,6.804,0.322,0.096,35.38,79.97,630.7,1.0,0.0,0.0,0.0,0.0,0.0,0.0,0.0,0.0,0.0,0.0,0.0
8.2,0.6,0.19,238.0,9.0,486.0,13.0,0.592,3.248,1.796,0.334,0.384,35.38,79.97,630.7,1.0,0.0,0.0,0.0,0.0,0.0,0.0,0.0,0.0,0.0,0.0,0.0
8.23,0.12,0.27,250.0,5.0,621.0,7.0,0.562,0.962,5.598,0.334,0.224,35.38,79.97,630.7,1.0,0.0,0.0,0.0,0.0,0.0,0.0,0.0,0.0,0.0,0.0,0.0
8.23,0.14,0.15,313.0,14.0,560.0,5.0,0.688,2.106,1.612,0.248,0.128,35.38,79.97,630.7,0.0,0.0,1.0,0.0,0.0,0.0,0.0,0.0,0.0,0.0,0.0,0.0
8.34,0.12,0.23,288.0,23.0,311.0,19.0,0.844,3.488,1.54,0.15,0.224,35.38,79.97,630.7,0.0,0.0,1.0,0.0,0.0,0.0,0.0,0.0,0.0,0.0,0.0,0.0
7.88,0.22,0.27,28.0,23.0,506.0,9.0,0.88,0.804,1.686,0.216,0.384,35.38,79.97,630.7,1.0,0.0,0.0,0.0,0.0,0.0,0.0,0.0,0.0,0.0,0.0,0.0
7.75,0.27,0.31,276.0,55.0,65.0,5.0,0.088,0.962,1.722,0.032,0.352,35.38,79.97,630.7,1.0,0.0,0.0,0.0,0.0,0.0,0.0,0.0,0.0,0.0,0.0,0.0
7.89,0.2,0.42,326.0,100.0,17.0,9.0,0.152,2.82,1.444,0.162,0.384,35.38,79.97,630.7,0.0,0.0,1.0,0.0,0.0,0.0,0.0,0.0,0.0,0.0,0.0,0.0
8.14,0.24,0.39,213.0,46.0,425.0,5.0,0.688,1.444,13.06,0.29,0.128,35.38,79.97,630.7,1.0,0.0,0.0,0.0,0.0,0.0,0.0,0.0,0.0,0.0,0.0,0.0
8.43,0.2,0.35,263.0,36.0,351.0,6.0,0.688,0.962,10.97,0.526,0.064,35.38,79.97,630.7,1.0,0.0,0.0,0.0,0.0,0.0,0.0,0.0,0.0,0.0,0.0,0.0
8.9,0.42,0.277,201.0,18.0,398.0,4.0,0.278,3.488,1.722,0.474,0.128,35.38,79.97,630.7,1.0,0.0,0.0,0.0,0.0,0.0,0.0,0.0,0.0,0.0,0.0,0.0
7.92,0.3,0.31,250.0,82.0,459.0,10.0,0.34,1.504,16.6,0.43,5.376,35.38,79.97,630.7,0.0,0.0,1.0,0.0,0.0,0.0,0.0,0.0,0.0,0.0,0.0,0.0
7.86,0.24,0.19,276.0,2.0,554.0,8.0,0.214,1.082,5.69,0.612,0.096,35.38,79.97,630.7,0.0,0.0,1.0,0.0,0.0,0.0,0.0,0.0,0.0,0.0,0.0,0.0
7.89,0.2,0.27,288.0,9.0,506.0,5.0,0.058,5.414,0.26,0.42,0.192,35.38,79.97,630.7,0.0,0.0,1.0,0.0,0.0,0.0,0.0,0.0,0.0,0.0,0.0,0.0
8.1,0.18,0.23,263.0,18.0,614.0,2.0,0.214,1.564,0.662,0.388,0.416,35.38,79.97,630.7,0.0,0.0,1.0,0.0,0.0,0.0,0.0,0.0,0.0,0.0,0.0,0.0
8.18,0.34,0.15,213.0,5.0,520.0,5.0,0.026,4.15,0.954,0.56,0.16,35.38,79.97,630.7,1.0,0.0,0.0,0.0,0.0,0.0,0.0,0.0,0.0,0.0,0.0,0.0
8.1,0.2,0.19,288.0,109.0,432.0,14.0,0.0058,4.03,5.67,0.462,3.104,35.38,79.97,630.7,1.0,0.0,0.0,0.0,0.0,0.0,0.0,0.0,0.0,0.0,0.0,0.0
8.37,0.18,0.31,250.0,55.0,500.0,8.0,0.214,4.632,3.514,0.248,0.096,35.38,79.97,630.7,1.0,0.0,0.0,0.0,0.0,0.0,0.0,0.0,0.0,0.0,0.0,0.0
8.1,0.04,0.11,288.0,46.0,493.0,6.0,0.254,0.61,36.52,0.498,0.352,37.5,100.0,762.4,0.0,0.0,0.0,0.0,1.0,0.0,0.0,0.0,0.0,0.0,0.0,0.0
8.1,0.04,0.19,276.0,18.0,338.0,8.0,1.234,6.1,5.44,0.11,0.256,37.5,100.0,762.4,0.0,0.0,0.0,1.0,0.0,0.0,0.0,0.0,0.0,0.0,0.0,0.0
7.8,0.07,0.27,213.0,9.0,554.0,12.0,2.174,4.984,34.34,0.404,0.192,37.5,100.0,762.4,0.0,0.0,0.0,1.0,0.0,0.0,0.0,0.0,0.0,0.0,0.0,0.0
7.93,0.07,0.27,226.0,5.0,311.0,32.0,0.332,4.16,31.52,0.156,0.16,37.5,100.0,762.4,0.0,0.0,0.0,0.0,1.0,0.0,0.0,0.0,0.0,0.0,0.0,0.0
7.86,0.04,0.35,276.0,91.0,419.0,14.0,1.822,5.54,34.18,0.474,4.768,37.5,100.0,762.4,0.0,0.0,0.0,0.0,1.0,0.0,0.0,0.0,0.0,0.0,0.0,0.0
8.0,0.04,0.31,201.0,2.0,338.0,11.0,0.254,6.16,29.68,1.838,0.032,37.5,100.0,762.4,0.0,0.0,0.0,1.0,0.0,0.0,0.0,0.0,0.0,0.0,0.0,0.0
8.13,0.05,0.27,163.0,32.0,533.0,8.0,0.41,9.36,33.72,0.708,0.16,37.5,100.0,762.4,0.0,0.0,0.0,1.0,0.0,0.0,0.0,0.0,0.0,0.0,0.0,0.0
8.08,0.06,0.23,226.0,18.0,311.0,5.0,0.136,7.02,33.76,0.992,0.32,37.5,100.0,762.4,0.0,0.0,0.0,1.0,0.0,0.0,0.0,0.0,0.0,0.0,0.0,0.0
8.14,0.05,0.35,16.0,9.0,554.0,39.0,0.058,5.296,20.34,0.332,0.544,37.5,100.0,762.4,0.0,0.0,0.0,1.0,0.0,0.0,0.0,0.0,0.0,0.0,0.0,0.0
8.02,0.04,0.27,201.0,68.0,405.0,14.0,1.194,2.874,33.98,0.65,0.544,37.5,100.0,762.4,0.0,0.0,0.0,1.0,0.0,0.0,0.0,0.0,0.0,0.0,0.0,0.0
8.12,0.05,0.15,226.0,27.0,527.0,11.0,2.7,2.58,4.52,0.5,0.16,37.5,100.0,762.4,0.0,0.0,0.0,1.0,0.0,0.0,0.0,0.0,0.0,0.0,0.0,0.0
8.2,0.22,0.31,176.0,14.0,594.0,7.0,0.12,6.32,5.68,0.274,0.32,37.5,100.0,762.4,0.0,0.0,0.0,0.0,1.0,0.0,0.0,0.0,0.0,0.0,0.0,0.0
8.9,0.06,0.27,276.0,9.0,338.0,5.0,0.058,6.14,0.82,0.404,0.16,37.5,100.0,762.4,0.0,0.0,0.0,0.0,1.0,0.0,0.0,0.0,0.0,0.0,0.0,0.0
8.15,0.05,0.19,112.0,32.0,452.0,3.0,1.664,3.11,31.96,1.368,4.8,37.5,100.0,762.4,0.0,0.0,0.0,0.0,1.0,0.0,0.0,0.0,0.0,0.0,0.0,0.0
8.4,0.28,0.15,226.0,9.0,574.0,8.0,2.253,12.56,34.32,3.048,0.576,37.5,100.0,762.4,0.0,0.0,0.0,1.0,0.0,0.0,0.0,0.0,0.0,0.0,0.0,0.0
8.28,0.05,0.23,276.0,5.0,338.0,5.0,1.038,4.98,29.04,1.002,0.512,37.5,100.0,762.4,0.0,0.0,0.0,1.0,0.0,0.0,0.0,0.0,0.0,0.0,0.0,0.0
8.0,0.04,0.19,201.0,18.0,621.0,6.0,1.154,13.27,34.96,0.65,0.064,37.5,100.0,762.4,0.0,0.0,0.0,1.0,0.0,0.0,0.0,0.0,0.0,0.0,0.0,0.0
8.1,0.5,0.11,268.0,41.0,270.0,24.0,0.136,0.61,37.02,0.458,0.416,37.5,100.0,762.4,0.0,0.0,0.0,1.0,0.0,0.0,0.0,0.0,0.0,0.0,0.0,0.0
8.12,0.34,0.23,188.0,23.0,695.0,7.0,0.136,13.34,34.04,6.624,1.28,37.5,100.0,762.4,0.0,0.0,0.0,1.0,0.0,0.0,0.0,0.0,0.0,0.0,0.0,0.0
8.22,0.08,0.11,276.0,23.0,236.0,11.0,1.076,1.704,34.14,0.25,0.032,37.5,100.0,762.4,0.0,0.0,0.0,0.0,1.0,0.0,0.0,0.0,0.0,0.0,0.0,0.0
7.56,0.06,0.19,226.0,23.0,419.0,6.0,1.282,6.776,4.854,1.43,0.16,34.82,81.2,835.8,1.0,0.0,0.0,0.0,0.0,0.0,0.0,0.0,0.0,0.0,0.0,0.0
7.68,0.07,0.31,250.0,46.0,668.0,1.0,1.04,3.492,8.466,0.958,0.064,34.82,81.2,835.8,1.0,0.0,0.0,0.0,0.0,0.0,0.0,0.0,0.0,0.0,0.0,0.0
8.05,0.08,0.39,263.0,23.0,196.0,10.0,0.604,7.792,5.066,0.152,0.352,34.82,81.2,835.8,0.0,0.0,0.0,1.0,0.0,0.0,0.0,0.0,0.0,0.0,0.0,0.0
8.31,0.07,0.42,288.0,32.0,284.0,10.0,1.282,3.483,3.38,0.5,0.224,34.82,81.2,835.8,1.0,0.0,0.0,0.0,0.0,0.0,0.0,0.0,0.0,0.0,0.0,0.0
8.25,0.07,0.19,176.0,5.0,419.0,4.0,1.014,2.598,11.87,0.152,0.096,34.82,81.2,835.8,1.0,0.0,0.0,0.0,0.0,0.0,0.0,0.0,0.0,0.0,0.0,0.0
7.52,0.06,0.15,188.0,50.0,506.0,6.0,0.772,4.03,6.34,0.12,0.384,34.82,81.2,835.8,0.0,0.0,0.0,1.0,0.0,0.0,0.0,0.0,0.0,0.0,0.0,0.0
7.97,0.08,0.23,850.0,46.0,554.0,13.0,0.506,3.612,1.596,1.588,0.192,34.82,81.2,835.8,0.0,0.0,0.0,1.0,0.0,0.0,0.0,0.0,0.0,0.0,0.0,0.0
8.08,0.12,0.27,236.0,41.0,398.0,14.0,0.942,4.388,5.68,0.978,0.416,34.82,81.2,835.8,0.0,0.0,0.0,1.0,0.0,0.0,0.0,0.0,0.0,0.0,0.0,0.0
7.51,0.06,0.35,176.0,32.0,324.0,19.0,0.53,1.402,6.01,0.664,0.16,34.82,81.2,835.8,0.0,0.0,0.0,0.0,0.0,0.0,0.0,0.0,0.0,1.0,0.0,0.0
7.02,0.04,0.31,250.0,23.0,432.0,4.0,1.354,2.598,5.892,0.566,0.352,34.82,81.2,835.8,0.0,0.0,0.0,1.0,0.0,0.0,0.0,0.0,0.0,0.0,0.0,0.0
8.02,0.11,0.03,226.0,82.0,230.0,17.0,0.014,3.612,1.878,1.058,0.192,34.82,81.2,835.8,0.0,0.0,0.0,1.0,0.0,0.0,0.0,0.0,0.0,0.0,0.0,0.0
8.06,0.14,0.27,226.0,64.0,412.0,5.0,0.748,4.926,1.808,0.998,0.128,34.82,81.2,835.8,0.0,0.0,1.0,0.0,0.0,0.0,0.0,0.0,0.0,0.0,0.0,0.0
8.12,0.15,0.31,276.0,46.0,459.0,6.0,0.338,2.716,0.0,0.488,0.192,34.82,81.2,835.8,0.0,0.0,0.0,0.0,0.0,0.0,1.0,0.0,0.0,0.0,0.0,0.0
8.29,0.02,0.46,250.0,41.0,432.0,1.0,0.604,2.956,1.36,1.018,0.16,34.82,81.2,835.8,0.0,0.0,1.0,0.0,0.0,0.0,0.0,0.0,0.0,0.0,0.0,0.0
7.58,0.16,0.27,288.0,18.0,466.0,2.0,0.026,1.74,0.114,0.086,5.376,35.5,95.51,735.0,0.0,0.0,0.0,1.0,0.0,0.0,0.0,0.0,0.0,0.0,0.0,0.0
7.53,0.22,0.19,313.0,14.0,479.0,5.0,0.214,2.526,0.186,0.108,0.064,35.5,95.51,735.0,1.0,0.0,0.0,0.0,0.0,0.0,0.0,0.0,0.0,0.0,0.0,0.0
7.93,0.32,0.23,263.0,23.0,398.0,9.0,0.34,3.73,0.332,0.172,0.256,35.5,95.51,735.0,1.0,0.0,0.0,0.0,0.0,0.0,0.0,0.0,0.0,0.0,0.0,0.0
7.89,0.22,0.27,213.0,18.0,425.0,9.0,0.436,1.564,2.052,0.302,1.376,35.5,95.51,735.0,1.0,0.0,0.0,0.0,0.0,0.0,0.0,0.0,0.0,0.0,0.0,0.0
7.87,0.5,0.35,238.0,14.0,405.0,14.0,0.404,2.406,0.15,0.258,0.352,35.5,95.51,735.0,1.0,0.0,0.0,0.0,0.0,0.0,0.0,0.0,0.0,0.0,0.0,0.0
7.91,0.16,0.23,276.0,23.0,506.0,6.0,0.278,3.428,0.186,0.022,0.096,35.5,95.51,735.0,1.0,0.0,0.0,0.0,0.0,0.0,0.0,0.0,0.0,0.0,0.0,0.0
8.13,0.5,0.39,263.0,5.0,473.0,13.0,0.31,1.924,0.918,0.044,0.192,35.5,95.51,735.0,1.0,0.0,0.0,0.0,0.0,0.0,0.0,0.0,0.0,0.0,0.0,0.0
7.89,0.16,0.31,238.0,14.0,547.0,4.0,0.184,7.64,0.698,0.076,1.408,35.5,95.51,735.0,1.0,0.0,0.0,0.0,0.0,0.0,0.0,0.0,0.0,0.0,0.0,0.0
7.78,0.22,0.23,250.0,23.0,500.0,13.0,0.246,4.39,1.174,0.022,0.064,35.5,95.51,735.0,1.0,0.0,0.0,0.0,0.0,0.0,0.0,0.0,0.0,0.0,0.0,0.0
7.85,0.1,0.27,313.0,5.0,581.0,5.0,0.34,2.828,1.382,0.118,0.416,35.5,95.51,735.0,1.0,0.0,0.0,0.0,0.0,0.0,0.0,0.0,0.0,0.0,0.0,0.0
7.83,0.18,0.11,288.0,14.0,662.0,10.0,0.31,2.046,1.356,0.022,0.352,35.5,95.51,735.0,1.0,0.0,0.0,0.0,0.0,0.0,0.0,0.0,0.0,0.0,0.0,0.0
8.12,0.17,0.23,250.0,23.0,486.0,7.0,0.278,2.106,2.27,0.022,0.064,35.5,95.51,735.0,1.0,0.0,0.0,0.0,0.0,0.0,0.0,0.0,0.0,0.0,0.0,0.0
8.07,0.16,0.15,301.0,64.0,572.0,13.0,0.026,2.346,2.088,0.044,1.92,35.5,95.51,735.0,1.0,0.0,0.0,0.0,0.0,0.0,0.0,0.0,0.0,0.0,0.0,0.0
8.11,0.19,0.23,238.0,36.0,500.0,6.0,0.026,3.488,0.772,0.032,0.064,35.5,95.51,735.0,1.0,0.0,0.0,0.0,0.0,0.0,0.0,0.0,0.0,0.0,0.0,0.0
8.05,0.4,0.19,276.0,27.0,601.0,5.0,0.34,2.466,4.026,0.022,0.032,35.5,95.51,735.0,0.0,0.0,0.0,0.0,0.0,0.0,0.0,1.0,0.0,0.0,0.0,0.0
8.03,0.22,0.23,326.0,5.0,419.0,15.0,0.026,1.864,3.916,0.14,0.16,35.5,95.51,735.0,1.0,0.0,0.0,0.0,0.0,0.0,0.0,0.0,0.0,0.0,0.0,0.0
8.1,0.2,0.19,213.0,46.0,479.0,12.0,0.246,3.308,1.21,0.182,0.128,35.5,95.51,735.0,1.0,0.0,0.0,0.0,0.0,0.0,0.0,0.0,0.0,0.0,0.0,0.0
8.1,0.18,0.31,263.0,82.0,412.0,11.0,0.624,2.646,1.74,0.118,0.064,35.5,95.51,735.0,1.0,0.0,0.0,0.0,0.0,0.0,0.0,0.0,0.0,0.0,0.0,0.0
7.34,0.03,0.03,138.0,46.0,581.0,3.0,0.51,0.74,4.254,0.012,0.416,34.4,66.5,734.6,1.0,0.0,0.0,0.0,0.0,0.0,0.0,0.0,0.0,0.0,0.0,0.0
8.01,0.04,0.07,226.0,41.0,398.0,14.0,0.59,4.846,4.506,0.012,0.352,34.4,66.5,734.6,1.0,0.0,0.0,0.0,0.0,0.0,0.0,0.0,0.0,0.0,0.0,0.0
8.07,0.05,0.11,201.0,46.0,432.0,2.0,0.996,2.464,4.534,1.33,3.84,34.4,66.5,734.6,1.0,0.0,0.0,0.0,0.0,0.0,0.0,0.0,0.0,0.0,0.0,0.0
8.05,0.06,0.15,188.0,32.0,392.0,9.0,0.468,21.62,5.232,0.266,0.096,34.4,66.5,734.6,1.0,0.0,0.0,0.0,0.0,0.0,0.0,0.0,0.0,0.0,0.0,0.0
8.14,0.08,0.07,125.0,14.0,466.0,3.0,0.548,4.746,12.01,1.012,0.192,34.4,66.5,734.6,1.0,0.0,0.0,0.0,0.0,0.0,0.0,0.0,0.0,0.0,0.0,0.0
8.06,0.03,0.03,125.0,18.0,236.0,2.0,0.284,10.07,6.18,0.31,0.256,34.4,66.5,734.6,1.0,0.0,0.0,0.0,0.0,0.0,0.0,0.0,0.0,0.0,0.0,0.0
8.05,0.02,0.11,188.0,46.0,351.0,4.0,0.528,6.468,1.64,0.246,0.16,34.4,66.5,734.6,1.0,0.0,0.0,0.0,0.0,0.0,0.0,0.0,0.0,0.0,0.0,0.0
8.1,0.04,0.15,238.0,82.0,176.0,6.0,0.956,5.302,1.634,0.012,0.416,34.4,66.5,734.6,1.0,0.0,0.0,0.0,0.0,0.0,0.0,0.0,0.0,0.0,0.0,0.0
8.24,0.02,0.23,238.0,68.0,412.0,5.0,0.996,1.146,5.816,0.012,0.512,34.4,66.5,734.6,1.0,0.0,0.0,0.0,0.0,0.0,0.0,0.0,0.0,0.0,0.0,0.0
7.9,0.01,0.19,163.0,73.0,466.0,7.0,1.466,7.584,3.558,0.12,0.224,34.4,66.5,734.6,1.0,0.0,0.0,0.0,0.0,0.0,0.0,0.0,0.0,0.0,0.0,0.0
8.13,0.01,0.15,125.0,91.0,419.0,9.0,1.648,2.514,3.39,0.012,0.256,34.4,66.5,734.6,1.0,0.0,0.0,0.0,0.0,0.0,0.0,0.0,0.0,0.0,0.0,0.0
7.75,0.02,0.07,238.0,91.0,236.0,2.0,1.098,14.28,18.6,0.012,0.192,34.4,66.5,734.6,1.0,0.0,0.0,0.0,0.0,0.0,0.0,0.0,0.0,0.0,0.0,0.0
7.62,0.06,0.03,238.0,46.0,655.0,9.0,1.2,3.782,13.24,0.374,0.16,34.4,66.5,734.6,1.0,0.0,0.0,0.0,0.0,0.0,0.0,0.0,0.0,0.0,0.0,0.0
7.5,0.04,0.9,188.0,32.0,554.0,5.0,0.426,2.768,10.6,0.628,0.448,34.4,66.5,734.6,1.0,0.0,0.0,0.0,0.0,0.0,0.0,0.0,0.0,0.0,0.0,0.0
7.62,0.1,0.23,238.0,9.0,540.0,11.0,0.06,1.146,28.38,0.266,0.512,34.4,66.5,734.6,1.0,0.0,0.0,0.0,0.0,0.0,0.0,0.0,0.0,0.0,0.0,0.0
7.59,0.1,0.11,250.0,18.0,263.0,9.0,0.996,0.74,22.08,0.48,0.224,34.4,66.5,734.6,1.0,0.0,0.0,0.0,0.0,0.0,0.0,0.0,0.0,0.0,0.0,0.0
8.03,0.05,0.07,125.0,36.0,196.0,4.0,1.22,4.694,15.38,0.605,0.192,34.09,72.59,751.4,1.0,0.0,0.0,0.0,0.0,0.0,0.0,0.0,0.0,0.0,0.0,0.0
8.24,0.04,0.19,226.0,23.0,243.0,7.0,0.61,2.616,18.14,1.16,0.512,34.09,72.59,751.4,1.0,0.0,0.0,0.0,0.0,0.0,0.0,0.0,0.0,0.0,0.0,0.0
8.3,0.02,0.07,150.0,32.0,284.0,9.0,0.488,3.224,11.0,0.926,0.224,34.09,72.59,751.4,1.0,0.0,0.0,0.0,0.0,0.0,0.0,0.0,0.0,0.0,0.0,0.0
7.94,0.01,0.15,176.0,41.0,351.0,23.0,0.67,17.52,4.172,0.182,0.48,34.09,72.59,751.4,1.0,0.0,0.0,0.0,0.0,0.0,0.0,0.0,0.0,0.0,0.0,0.0
8.0,0.04,0.03,138.0,50.0,398.0,23.0,0.76,17.52,4.172,0.352,0.192,34.09,72.59,751.4,1.0,0.0,0.0,0.0,0.0,0.0,0.0,0.0,0.0,0.0,0.0,0.0
7.68,0.02,0.11,238.0,41.0,655.0,16.0,0.548,2.566,4.032,0.31,0.16,34.09,72.59,751.4,1.0,0.0,0.0,0.0,0.0,0.0,0.0,0.0,0.0,0.0,0.0,0.0
7.59,0.05,0.19,125.0,36.0,574.0,19.0,1.75,5.506,7.546,0.032,0.384,34.09,72.59,751.4,0.0,0.0,0.0,0.0,0.0,0.0,0.0,0.0,1.0,0.0,0.0,0.0
7.74,0.04,0.07,150.0,5.0,486.0,3.0,1.79,16.3,3.168,0.01,0.192,34.09,72.59,751.4,1.0,0.0,0.0,0.0,0.0,0.0,0.0,0.0,0.0,0.0,0.0,0.0
7.58,0.04,0.23,125.0,14.0,317.0,14.0,1.892,1.956,4.45,0.096,0.16,34.09,72.59,751.4,1.0,0.0,0.0,0.0,0.0,0.0,0.0,0.0,0.0,0.0,0.0,0.0
7.64,0.05,0.39,238.0,18.0,452.0,1.0,2.096,0.486,3.586,0.314,0.448,34.09,72.59,751.4,1.0,0.0,0.0,0.0,0.0,0.0,0.0,0.0,0.0,0.0,0.0,0.0
7.82,0.03,0.11,138.0,14.0,540.0,4.0,2.096,0.486,3.586,0.522,0.192,34.09,72.59,751.4,1.0,0.0,0.0,0.0,0.0,0.0,0.0,0.0,0.0,0.0,0.0,0.0
7.7,0.06,0.23,125.0,64.0,722.0,11.0,0.112,1.45,28.38,0.906,0.416,34.09,72.59,751.4,1.0,0.0,0.0,0.0,0.0,0.0,0.0,0.0,0.0,0.0,0.0,0.0
7.52,0.04,0.31,238.0,91.0,236.0,17.0,1.384,1.146,38.52,1.012,0.224,34.09,72.59,751.4,1.0,0.0,0.0,0.0,0.0,0.0,0.0,0.0,0.0,0.0,0.0,0.0
7.7,0.05,0.07,276.0,68.0,149.0,23.0,2.056,4.644,25.76,2.8,0.288,34.09,72.59,751.4,1.0,0.0,0.0,0.0,0.0,0.0,0.0,0.0,0.0,0.0,0.0,0.0
7.8,0.04,0.23,238.0,14.0,533.0,22.0,1.872,2.108,23.64,6.992,0.384,34.09,72.59,751.4,0.0,0.0,1.0,0.0,0.0,0.0,0.0,0.0,0.0,0.0,0.0,0.0
7.64,0.07,0.15,188.0,18.0,419.0,14.0,2.504,1.044,25.72,4.332,0.256,34.09,72.59,751.4,0.0,0.0,1.0,0.0,0.0,0.0,0.0,0.0,0.0,0.0,0.0,0.0
7.6,0.03,0.03,150.0,32.0,68.0,11.0,0.752,4.846,14.27,2.374,0.64,34.09,72.59,751.4,1.0,0.0,0.0,0.0,0.0,0.0,0.0,0.0,0.0,0.0,0.0,0.0
7.8,0.05,0.11,201.0,27.0,95.0,14.0,2.402,2.108,17.86,1.224,0.256,34.09,72.59,751.4,1.0,0.0,0.0,0.0,0.0,0.0,0.0,0.0,0.0,0.0,0.0,0.0
7.2,0.08,0.15,201.0,50.0,189.0,4.0,1.424,1.044,17.5,1.076,0.448,34.09,72.59,751.4,1.0,0.0,0.0,0.0,0.0,0.0,0.0,0.0,0.0,0.0,0.0,0.0
7.65,0.1,0.11,138.0,23.0,128.0,3.0,0.248,12.76,14.07,1.778,0.192,34.09,72.59,751.4,1.0,0.0,0.0,0.0,0.0,0.0,0.0,0.0,0.0,0.0,0.0,0.0
8.41,0.09,0.46,163.0,46.0,419.0,11.0,0.384,2.478,1.098,0.152,0.352,36.26,70.95,667.8,1.0,0.0,0.0,0.0,0.0,0.0,0.0,0.0,0.0,0.0,0.0,0.0
8.05,0.08,0.35,238.0,82.0,466.0,12.0,0.261,2.58,3.532,0.152,0.096,36.26,70.95,667.8,1.0,0.0,0.0,0.0,0.0,0.0,0.0,0.0,0.0,0.0,0.0,0.0
8.28,0.08,0.242,250.0,14.0,398.0,3.0,0.24,1.94,5.042,0.604,0.256,36.26,70.95,667.8,0.0,0.0,0.0,0.0,0.0,0.0,0.0,1.0,0.0,0.0,0.0,0.0
8.19,0.06,0.19,288.0,14.0,317.0,9.0,6.388,6.358,4.594,0.074,0.512,36.26,70.95,667.8,1.0,0.0,0.0,0.0,0.0,0.0,0.0,0.0,0.0,0.0,0.0,0.0
8.28,0.07,0.11,201.0,96.0,230.0,3.0,0.192,6.418,3.578,0.624,0.256,36.26,70.95,667.8,1.0,0.0,0.0,0.0,0.0,0.0,0.0,0.0,0.0,0.0,0.0,0.0
8.18,0.09,0.27,238.0,114.0,419.0,12.0,0.144,1.88,2.658,0.724,0.416,36.26,70.95,667.8,1.0,0.0,0.0,0.0,0.0,0.0,0.0,0.0,0.0,0.0,0.0,0.0
8.08,0.1,0.23,250.0,55.0,641.0,11.0,0.314,0.756,4.476,0.958,0.288,36.26,70.95,667.8,1.0,0.0,0.0,0.0,0.0,0.0,0.0,0.0,0.0,0.0,0.0,0.0
8.23,0.06,0.12,201.0,27.0,743.0,19.0,0.894,27.44,11.46,1.51,0.192,36.26,70.95,667.8,1.0,0.0,0.0,0.0,0.0,0.0,0.0,0.0,0.0,0.0,0.0,0.0
8.05,0.06,0.35,176.0,32.0,662.0,3.0,0.144,0.568,11.46,0.624,0.16,36.26,70.95,667.8,0.0,0.0,0.0,1.0,0.0,0.0,0.0,0.0,0.0,0.0,0.0,0.0
8.01,0.08,0.19,238.0,41.0,554.0,5.0,0.141,1.702,20.44,0.014,0.256,36.26,70.95,667.8,0.0,0.0,0.0,0.0,0.0,0.0,0.0,1.0,0.0,0.0,0.0,0.0
8.09,0.08,0.39,210.0,5.0,439.0,9.0,0.144,1.702,20.44,6.17,0.416,36.26,70.95,667.8,1.0,0.0,0.0,0.0,0.0,0.0,0.0,0.0,0.0,0.0,0.0,0.0
8.09,0.31,0.15,176.0,14.0,365.0,14.0,0.192,2.716,8.37,3.574,0.192,36.26,70.95,667.8,1.0,0.0,0.0,0.0,0.0,0.0,0.0,0.0,0.0,0.0,0.0,0.0
8.12,0.09,0.23,288.0,18.0,351.0,19.0,0.144,1.344,8.442,1.804,0.384,36.26,70.95,667.8,1.0,0.0,0.0,0.0,0.0,0.0,0.0,0.0,0.0,0.0,0.0,0.0
8.29,0.12,0.27,213.0,23.0,641.0,3.0,0.144,1.462,6.128,1.47,0.128,36.26,70.95,667.8,1.0,0.0,0.0,0.0,0.0,0.0,0.0,0.0,0.0,0.0,0.0,0.0
8.24,0.08,0.03,276.0,41.0,554.0,4.0,0.144,1.164,13.99,4.126,0.352,36.26,70.95,667.8,1.0,0.0,0.0,0.0,0.0,0.0,0.0,0.0,0.0,0.0,0.0,0.0
8.32,0.1,0.1,226.0,14.0,682.0,1.0,0.288,2.298,10.38,0.704,0.256,36.4,83.0,826.4,1.0,0.0,0.0,0.0,0.0,0.0,0.0,0.0,0.0,0.0,0.0,0.0
8.31,0.26,0.19,176.0,119.0,459.0,2.0,0.888,3.014,13.05,3.358,0.416,36.4,83.0,826.4,1.0,0.0,0.0,0.0,0.0,0.0,0.0,0.0,0.0,0.0,0.0,0.0
8.32,0.07,0.11,250.0,73.0,506.0,11.0,0.216,5.462,7.096,0.998,0.288,36.4,83.0,826.4,1.0,0.0,0.0,0.0,0.0,0.0,0.0,0.0,0.0,0.0,0.0,0.0
8.12,0.06,0.23,176.0,41.0,284.0,12.0,0.144,0.986,11.51,0.546,0.256,36.4,83.0,826.4,1.0,0.0,0.0,0.0,0.0,0.0,0.0,0.0,0.0,0.0,0.0,0.0
8.21,0.29,0.27,163.0,32.0,230.0,26.0,0.16,2.538,8.702,1.902,0.192,36.4,83.0,826.4,1.0,0.0,0.0,0.0,0.0,0.0,0.0,0.0,0.0,0.0,0.0,0.0
8.3,0.11,0.03,238.0,36.0,412.0,11.0,0.216,1.034,10.38,3.358,0.288,36.4,83.0,826.4,1.0,0.0,0.0,0.0,0.0,0.0,0.0,0.0,0.0,0.0,0.0,0.0
8.32,0.05,0.07,163.0,50.0,527.0,14.0,0.24,2.956,6.884,0.152,0.256,36.4,83.0,826.4,1.0,0.0,0.0,0.0,0.0,0.0,0.0,0.0,0.0,0.0,0.0,0.0
8.32,0.09,0.03,226.0,41.0,277.0,3.0,0.216,3.254,3.178,0.232,0.384,36.4,83.0,826.4,1.0,0.0,0.0,0.0,0.0,0.0,0.0,0.0,0.0,0.0,0.0,0.0
8.23,0.07,0.19,301.0,36.0,338.0,4.0,0.144,2.538,3.484,0.802,4.16,36.4,83.0,826.4,1.0,0.0,0.0,0.0,0.0,0.0,0.0,0.0,0.0,0.0,0.0,0.0
8.25,0.08,0.15,288.0,46.0,466.0,2.0,0.144,3.49,3.2,0.86,0.192,36.4,83.0,826.4,1.0,0.0,0.0,0.0,0.0,0.0,0.0,0.0,0.0,0.0,0.0,0.0
8.47,0.15,0.27,88.0,50.0,317.0,6.0,0.144,1.88,6.886,1.076,0.128,36.4,83.0,826.4,0.0,0.0,0.0,1.0,0.0,0.0,0.0,0.0,0.0,0.0,0.0,0.0
8.35,0.11,0.31,276.0,5.0,662.0,14.0,0.144,1.88,6.886,1.076,0.224,36.4,83.0,826.4,1.0,0.0,0.0,0.0,0.0,0.0,0.0,0.0,0.0,0.0,0.0,0.0
8.52,0.05,0.19,313.0,5.0,230.0,14.0,0.44,1.82,6.34,1.234,0.256,36.4,83.0,826.4,0.0,0.0,0.0,1.0,0.0,0.0,0.0,0.0,0.0,0.0,0.0,0.0
8.28,0.08,0.15,250.0,32.0,641.0,2.0,0.44,6.12,6.842,0.654,0.416,36.4,83.0,826.4,0.0,0.0,0.0,1.0,0.0,0.0,0.0,0.0,0.0,0.0,0.0,0.0
8.2,0.08,0.35,276.0,32.0,486.0,18.0,0.1982,6.238,7.616,0.152,2.056,36.4,83.0,826.4,1.0,0.0,0.0,0.0,0.0,0.0,0.0,0.0,0.0,0.0,0.0,0.0
8.25,0.16,0.27,301.0,14.0,439.0,17.0,0.144,4.926,10.05,0.724,0.512,36.4,83.0,826.4,1.0,0.0,0.0,0.0,0.0,0.0,0.0,0.0,0.0,0.0,0.0,0.0
8.05,0.09,0.19,213.0,5.0,290.0,3.0,0.338,2.358,13.75,4.952,0.192,36.4,83.0,826.4,1.0,0.0,0.0,0.0,0.0,0.0,0.0,0.0,0.0,0.0,0.0,0.0
8.06,0.01,0.15,188.0,23.0,466.0,24.0,0.168,1.402,11.39,1.176,0.288,36.4,83.0,826.4,1.0,0.0,0.0,0.0,0.0,0.0,0.0,0.0,0.0,0.0,0.0,0.0
8.2,0.14,0.19,176.0,46.0,439.0,18.0,0.338,6.06,7.852,0.958,0.256,36.4,83.0,826.4,1.0,0.0,0.0,0.0,0.0,0.0,0.0,0.0,0.0,0.0,0.0,0.0
8.31,0.14,0.35,176.0,50.0,641.0,32.0,0.144,6.12,7.852,1.176,0.096,36.4,83.0,826.4,1.0,0.0,0.0,0.0,0.0,0.0,0.0,0.0,0.0,0.0,0.0,0.0
8.43,0.09,0.27,288.0,36.0,554.0,23.0,0.216,2.4,7.426,0.822,1.024,36.4,83.0,826.4,0.0,0.0,0.0,1.0,0.0,0.0,0.0,0.0,0.0,0.0,0.0,0.0
8.25,0.24,0.39,213.0,46.0,527.0,5.0,0.24,2.18,6.86,1.116,0.576,36.4,83.0,826.4,1.0,0.0,0.0,0.0,0.0,0.0,0.0,0.0,0.0,0.0,0.0,0.0
8.24,0.07,0.19,276.0,18.0,263.0,9.0,0.216,2.06,14.7,7.056,0.032,36.4,83.0,826.4,0.0,0.0,0.0,0.0,0.0,0.0,0.0,1.0,0.0,0.0,0.0,0.0
8.24,0.37,0.15,201.0,14.0,452.0,3.0,0.168,1.762,12.62,1.884,0.542,36.4,83.0,826.4,1.0,0.0,0.0,0.0,0.0,0.0,0.0,0.0,0.0,0.0,0.0,0.0
8.2,0.09,0.11,263.0,27.0,493.0,19.0,0.288,1.94,19.7,3.064,0.32,36.4,83.0,826.4,1.0,0.0,0.0,0.0,0.0,0.0,0.0,0.0,0.0,0.0,0.0,0.0
8.3,0.05,0.07,250.0,23.0,641.0,19.0,0.264,5.88,19.82,3.672,0.256,36.4,83.0,826.4,0.0,0.0,1.0,0.0,0.0,0.0,0.0,0.0,0.0,0.0,0.0,0.0
8.29,0.06,0.03,238.0,36.0,722.0,2.0,0.192,2.478,11.82,0.998,0.096,36.4,83.0,826.4,1.0,0.0,0.0,0.0,0.0,0.0,0.0,0.0,0.0,0.0,0.0,0.0
7.38,0.05,0.23,176.0,23.0,351.0,4.0,1.75,0.942,2.22,3.204,0.192,31.0,72.59,658.5,1.0,0.0,0.0,0.0,0.0,0.0,0.0,0.0,0.0,0.0,0.0,0.0
7.5,0.07,0.5,128.0,41.0,412.0,9.0,1.954,1.602,8.41,1.544,0.256,31.0,72.59,658.5,1.0,0.0,0.0,0.0,0.0,0.0,0.0,0.0,0.0,0.0,0.0,0.0
7.52,0.06,0.27,112.0,5.0,257.0,4.0,2.422,1.044,4.172,4.31,0.96,31.0,72.59,658.5,1.0,0.0,0.0,0.0,0.0,0.0,0.0,0.0,0.0,0.0,0.0,0.0
7.62,0.09,0.03,128.0,27.0,176.0,6.0,1.974,0.942,4.2,2.374,0.192,31.0,72.59,658.5,1.0,0.0,0.0,0.0,0.0,0.0,0.0,0.0,0.0,0.0,0.0,0.0
7.12,0.05,0.11,226.0,50.0,236.0,7.0,0.692,1.602,0.035,0.628,0.128,31.0,72.59,658.5,0.0,0.0,0.0,0.0,0.0,0.0,0.0,1.0,0.0,0.0,0.0,0.0
7.34,0.08,0.27,201.0,36.0,189.0,9.0,0.692,4.796,1.104,2.544,0.224,31.0,72.59,658.5,0.0,0.0,0.0,0.0,0.0,0.0,0.0,1.0,0.0,0.0,0.0,0.0
7.4,0.06,0.03,564.0,32.0,135.0,3.0,0.772,4.694,4.06,0.99,0.064,31.0,72.59,658.5,0.0,0.0,0.0,0.0,0.0,0.0,0.0,1.0,0.0,0.0,0.0,0.0
7.78,0.1,0.27,176.0,14.0,236.0,5.0,0.854,2.108,9.274,2.394,0.32,31.0,72.59,658.5,0.0,0.0,0.0,0.0,0.0,0.0,0.0,1.0,0.0,0.0,0.0,0.0
7.42,0.04,0.5,201.0,5.0,452.0,14.0,1.566,3.984,6.208,1.098,0.128,31.0,72.59,658.5,0.0,0.0,0.0,0.0,0.0,0.0,0.0,1.0,0.0,0.0,0.0,0.0
7.68,0.02,0.23,238.0,91.0,641.0,3.0,0.426,5.252,8.662,0.33,0.224,31.0,72.59,658.5,0.0,0.0,0.0,0.0,0.0,0.0,0.0,1.0,0.0,0.0,0.0,0.0
8.02,0.02,0.11,201.0,46.0,412.0,2.0,0.426,12.6,8.968,0.692,0.192,31.0,72.59,658.5,0.0,0.0,0.0,0.0,0.0,0.0,0.0,1.0,0.0,0.0,0.0,0.0
8.02,0.08,0.19,150.0,119.0,466.0,3.0,0.916,3.832,5.232,0.714,0.256,31.0,72.59,658.5,0.0,0.0,0.0,0.0,0.0,0.0,0.0,0.0,0.0,1.0,0.0,0.0
7.45,0.09,0.03,238.0,23.0,479.0,4.0,1.16,5.456,5.594,0.012,0.16,31.0,72.59,658.5,0.0,0.0,0.0,0.0,0.0,0.0,0.0,1.0,0.0,0.0,0.0,0.0
7.82,0.06,0.23,201.0,73.0,452.0,2.0,0.794,2.414,4.172,0.012,0.416,31.0,72.59,658.5,0.0,0.0,0.0,0.0,0.0,0.0,0.0,0.0,0.0,1.0,0.0,0.0
7.9,0.08,0.15,176.0,41.0,540.0,13.0,0.752,1.146,3.224,14.42,0.352,31.0,72.59,658.5,0.0,0.0,0.0,0.0,0.0,0.0,0.0,1.0,0.0,0.0,0.0,0.0
7.68,0.05,0.11,188.0,32.0,398.0,14.0,0.752,0.79,8.968,0.012,0.096,31.0,72.59,658.5,0.0,0.0,0.0,0.0,0.0,0.0,0.0,1.0,0.0,0.0,0.0,0.0
7.64,0.05,0.15,201.0,59.0,419.0,9.0,4.072,2.058,2.944,0.012,0.16,30.06,64.68,688.5,0.0,0.0,1.0,0.0,0.0,0.0,0.0,0.0,0.0,0.0,0.0,0.0
7.52,0.07,0.03,176.0,5.0,486.0,3.0,1.342,1.348,5.816,0.458,4.16,30.06,64.68,688.5,0.0,0.0,1.0,0.0,0.0,0.0,0.0,0.0,0.0,0.0,0.0,0.0
7.84,0.04,0.19,188.0,23.0,533.0,1.0,0.996,1.348,2.442,0.012,0.128,30.06,64.68,688.5,1.0,0.0,0.0,0.0,0.0,0.0,0.0,0.0,0.0,0.0,0.0,0.0
7.92,0.04,0.19,238.0,23.0,236.0,12.0,0.61,1.949,4.268,2.502,0.256,30.06,64.68,688.5,0.0,0.0,1.0,0.0,0.0,0.0,0.0,0.0,0.0,0.0,0.0,0.0
7.8,0.03,0.31,188.0,41.0,149.0,7.0,1.038,38.72,1.996,0.204,0.448,30.06,64.68,688.5,1.0,0.0,0.0,0.0,0.0,0.0,0.0,0.0,0.0,0.0,0.0,0.0
8.04,0.005,0.15,163.0,36.0,128.0,8.0,1.018,1.248,8.354,2.012,0.256,30.06,64.68,688.5,1.0,0.0,0.0,0.0,0.0,0.0,0.0,0.0,0.0,0.0,0.0,0.0
7.82,0.02,0.11,128.0,46.0,385.0,5.0,0.202,1.45,4.45,1.608,0.224,30.06,64.68,688.5,1.0,0.0,0.0,0.0,0.0,0.0,0.0,0.0,0.0,0.0,0.0,0.0
7.64,0.06,0.23,263.0,73.0,419.0,5.0,0.772,4.898,4.004,0.99,0.416,30.06,64.68,688.5,1.0,0.0,0.0,0.0,0.0,0.0,0.0,0.0,0.0,0.0,0.0,0.0
7.92,0.04,0.07,188.0,50.0,511.0,7.0,1.628,6.874,2.526,0.374,0.256,30.06,64.68,688.5,1.0,0.0,0.0,0.0,0.0,0.0,0.0,0.0,0.0,0.0,0.0,0.0
7.84,0.01,0.11,250.0,59.0,533.0,9.0,1.118,1.146,2.638,0.692,0.16,30.06,64.68,688.5,1.0,0.0,0.0,0.0,0.0,0.0,0.0,0.0,0.0,0.0,0.0,0.0
7.65,0.03,0.19,238.0,5.0,554.0,9.0,0.794,7.28,3.586,0.012,0.096,30.06,64.68,688.5,1.0,0.0,0.0,0.0,0.0,0.0,0.0,0.0,0.0,0.0,0.0,0.0
8.02,0.04,0.03,201.0,23.0,446.0,9.0,0.59,1.658,3.614,0.522,0.192,30.06,64.68,688.5,1.0,0.0,0.0,0.0,0.0,0.0,0.0,0.0,0.0,0.0,0.0,0.0
7.8,0.06,0.19,176.0,32.0,581.0,9.0,0.692,1.804,2.108,4.778,0.288,30.06,64.68,688.5,1.0,0.0,0.0,0.0,0.0,0.0,0.0,0.0,0.0,0.0,0.0,0.0
7.84,0.05,0.39,112.0,36.0,473.0,11.0,1.118,0.69,4.45,1.566,3.52,30.06,64.68,688.5,1.0,0.0,0.0,0.0,0.0,0.0,0.0,0.0,0.0,0.0,0.0,0.0
7.58,0.05,0.23,226.0,64.0,419.0,9.0,0.976,2.13,1.884,0.012,0.192,30.06,64.68,688.5,0.0,0.0,0.0,0.0,0.0,1.0,0.0,0.0,0.0,0.0,0.0,0.0
7.25,0.02,0.27,263.0,91.0,432.0,2.0,1.018,5.86,5.538,0.012,0.288,30.06,64.68,688.5,1.0,0.0,0.0,0.0,0.0,0.0,0.0,0.0,0.0,0.0,0.0,0.0
7.83,0.01,0.13,238.0,50.0,554.0,14.0,0.874,8.86,4.282,0.012,0.413,30.06,64.68,688.5,1.0,0.0,0.0,0.0,0.0,0.0,0.0,0.0,0.0,0.0,0.0,0.0
7.64,0.04,0.9,138.0,82.0,405.0,3.0,0.59,1.116,1.41,0.012,0.256,30.06,64.68,688.5,1.0,0.0,0.0,0.0,0.0,0.0,0.0,0.0,0.0,0.0,0.0,0.0
8.04,0.04,0.23,128.0,5.0,392.0,7.0,0.956,6.926,4.226,0.012,0.352,30.06,64.68,688.5,1.0,0.0,0.0,0.0,0.0,0.0,0.0,0.0,0.0,0.0,0.0,0.0
8.23,0.06,0.15,201.0,23.0,479.0,3.0,0.916,7.026,2.358,0.012,0.224,30.06,64.68,688.5,1.0,0.0,0.0,0.0,0.0,0.0,0.0,0.0,0.0,0.0,0.0,0.0
8.04,0.04,0.27,238.0,5.0,392.0,11.0,1.308,42.98,1.466,0.012,0.16,30.06,64.68,688.5,1.0,0.0,0.0,0.0,0.0,0.0,0.0,0.0,0.0,0.0,0.0,0.0
8.2,0.1,0.03,213.0,14.0,311.0,16.0,0.956,5.302,1.298,0.246,0.224,30.06,64.68,688.5,1.0,0.0,0.0,0.0,0.0,0.0,0.0,0.0,0.0,0.0,0.0,0.0
8.0,0.05,0.03,276.0,41.0,473.0,14.0,0.916,6.926,2.469,0.032,0.448,30.06,64.68,688.5,1.0,0.0,0.0,0.0,0.0,0.0,0.0,0.0,0.0,0.0,0.0,0.0
8.02,0.02,0.15,213.0,36.0,392.0,19.0,0.528,2.87,4.172,0.012,0.288,30.06,64.68,688.5,1.0,0.0,0.0,0.0,0.0,0.0,0.0,0.0,0.0,0.0,0.0,0.0
8.2,0.12,0.31,238.0,18.0,135.0,18.0,5.304,2.558,11.24,0.424,0.384,36.03,61.0,702.7,1.0,0.0,0.0,0.0,0.0,0.0,0.0,0.0,0.0,0.0,0.0,0.0
8.37,0.34,0.23,288.0,9.0,203.0,14.0,2.746,1.724,2.844,0.438,1.344,36.03,61.0,702.7,1.0,0.0,0.0,0.0,0.0,0.0,0.0,0.0,0.0,0.0,0.0,0.0
8.14,0.28,0.19,226.0,91.0,68.0,12.0,3.368,3.95,5.084,0.36,0.352,36.03,61.0,702.7,1.0,0.0,0.0,0.0,0.0,0.0,0.0,0.0,0.0,0.0,0.0,0.0
7.85,0.06,0.15,238.0,23.0,392.0,27.0,1.9,9.266,11.18,1.004,0.48,34.17,66.46,663.1,1.0,0.0,0.0,0.0,0.0,0.0,0.0,0.0,0.0,0.0,0.0,0.0
8.1,0.07,0.19,226.0,30.0,230.0,8.0,0.632,7.636,12.82,0.674,0.192,34.17,66.46,663.1,1.0,0.0,0.0,0.0,0.0,0.0,0.0,0.0,0.0,0.0,0.0,0.0
8.03,0.05,0.27,188.0,8.0,290.0,11.0,1.492,13.64,14.36,1.048,0.48,34.17,66.46,663.1,1.0,0.0,0.0,0.0,0.0,0.0,0.0,0.0,0.0,0.0,0.0,0.0
8.09,0.12,0.15,238.0,20.0,251.0,9.0,1.534,14.06,14.31,1.088,0.416,34.17,66.46,663.1,1.0,0.0,0.0,0.0,0.0,0.0,0.0,0.0,0.0,0.0,0.0,0.0
7.83,0.17,0.23,201.0,9.0,169.0,14.0,1.148,12.76,10.16,0.726,0.384,34.17,66.46,663.1,1.0,0.0,0.0,0.0,0.0,0.0,0.0,0.0,0.0,0.0,0.0,0.0
7.88,0.19,0.42,213.0,10.0,432.0,18.0,0.696,8.2,10.95,0.666,1.024,34.17,66.46,663.1,1.0,0.0,0.0,0.0,0.0,0.0,0.0,0.0,0.0,0.0,0.0,0.0
7.81,0.21,0.15,238.0,19.0,338.0,12.0,0.89,8.764,13.71,0.616,0.416,34.17,66.46,663.1,1.0,0.0,0.0,0.0,0.0,0.0,0.0,0.0,0.0,0.0,0.0,0.0
7.78,0.18,0.46,213.0,13.0,493.0,13.0,0.954,9.14,9.228,0.602,0.224,35.23,67.8,858.2,1.0,0.0,0.0,0.0,0.0,0.0,0.0,0.0,0.0,0.0,0.0,0.0
8.15,0.2,0.19,150.0,20.0,371.0,3.0,0.416,4.286,11.1,0.408,0.288,35.23,67.8,858.2,1.0,0.0,0.0,0.0,0.0,0.0,0.0,0.0,0.0,0.0,0.0,0.0
8.16,0.21,0.54,213.0,38.0,655.0,8.0,0.588,6.572,7.23,0.31,0.928,35.23,67.8,858.2,1.0,0.0,0.0,0.0,0.0,0.0,0.0,0.0,0.0,0.0,0.0,0.0
8.06,0.16,0.35,276.0,26.0,608.0,9.0,0.718,5.976,7.964,0.504,0.192,35.23,67.8,858.2,1.0,0.0,0.0,0.0,0.0,0.0,0.0,0.0,0.0,0.0,0.0,0.0
7.94,0.17,0.27,238.0,32.0,358.0,15.0,0.48,5.946,9.204,0.7,0.416,35.23,67.8,858.2,1.0,0.0,0.0,0.0,0.0,0.0,0.0,0.0,0.0,0.0,0.0,0.0
7.63,0.18,0.39,188.0,61.0,311.0,7.0,0.632,7.104,10.42,0.492,0.224,35.23,67.8,858.2,1.0,0.0,0.0,0.0,0.0,0.0,0.0,0.0,0.0,0.0,0.0,0.0
8.34,0.21,0.23,226.0,46.0,236.0,9.0,3.394,20.44,11.05,0.666,0.384,35.23,67.8,858.2,0.0,0.0,0.0,1.0,0.0,0.0,0.0,0.0,0.0,0.0,0.0,0.0
8.03,0.14,0.15,238.0,38.0,621.0,20.0,0.61,9.516,11.25,0.518,0.192,35.23,67.8,858.2,0.0,0.0,0.0,1.0,0.0,0.0,0.0,0.0,0.0,0.0,0.0,0.0
7.33,0.12,0.23,226.0,42.0,230.0,6.0,0.416,14.68,15.25,1.082,0.256,35.23,67.8,858.2,0.0,0.0,0.0,0.0,0.0,0.0,0.0,0.0,0.0,1.0,0.0,0.0
7.88,0.12,0.23,213.0,16.0,392.0,7.0,1.598,19.66,16.99,0.952,0.096,35.23,67.8,858.2,0.0,0.0,0.0,0.0,0.0,0.0,0.0,0.0,0.0,1.0,0.0,0.0
7.83,0.21,0.15,150.0,25.0,675.0,23.0,0.652,6.164,22.6,0.602,0.416,35.23,67.8,858.2,0.0,0.0,0.0,0.0,0.0,0.0,0.0,0.0,0.0,1.0,0.0,0.0
7.2,0.18,0.27,201.0,44.0,230.0,9.0,0.48,6.728,9.506,0.544,0.6,35.23,67.8,858.2,0.0,0.0,0.0,0.0,0.0,0.0,0.0,0.0,0.0,1.0,0.0,0.0
7.95,0.17,0.11,238.0,29.0,527.0,5.0,0.976,1.686,11.93,0.48,0.224,35.23,67.8,858.2,0.0,0.0,0.0,1.0,0.0,0.0,0.0,0.0,0.0,0.0,0.0,0.0
8.13,0.16,0.46,213.0,12.0,149.0,14.0,1.126,3.44,6.194,0.292,0.16,35.23,67.8,858.2,0.0,0.0,0.0,1.0,0.0,0.0,0.0,0.0,0.0,0.0,0.0,0.0
8.2,0.1,0.42,201.0,20.0,108.0,8.0,0.416,5.6,10.62,0.434,0.56,35.23,67.8,858.2,0.0,0.0,0.0,1.0,0.0,0.0,0.0,0.0,0.0,0.0,0.0,0.0
8.22,0.15,0.23,213.0,38.0,257.0,7.0,0.932,11.27,14.51,1.062,0.192,35.23,67.8,858.2,1.0,0.0,0.0,0.0,0.0,0.0,0.0,0.0,0.0,0.0,0.0,0.0
7.92,0.21,0.19,210.0,19.0,527.0,4.0,0.072,4.66,12.79,0.466,0.096,35.23,67.8,858.2,1.0,0.0,0.0,0.0,0.0,0.0,0.0,0.0,0.0,0.0,0.0,0.0
7.95,0.07,0.03,150.0,35.0,554.0,6.0,0.46,3.376,11.88,0.744,0.352,35.23,67.8,858.2,1.0,0.0,0.0,0.0,0.0,0.0,0.0,0.0,0.0,0.0,0.0,0.0
7.82,0.08,0.19,226.0,574.0,32.0,18.0,1.76,13.15,29.38,0.06,0.416,33.59,68.5,944.5,1.0,0.0,0.0,0.0,0.0,0.0,0.0,0.0,0.0,0.0,0.0,0.0
7.7,0.1,0.31,188.0,635.0,32.0,24.0,1.678,19.76,30.52,0.012,0.128,33.59,68.5,944.5,1.0,0.0,0.0,0.0,0.0,0.0,0.0,0.0,0.0,0.0,0.0,0.0
7.74,0.12,0.35,213.0,263.0,23.0,27.0,0.548,9.864,47.86,4.048,0.352,33.59,68.5,944.5,1.0,0.0,0.0,0.0,0.0,0.0,0.0,0.0,0.0,0.0,0.0,0.0
7.65,0.08,0.23,163.0,506.0,18.0,18.0,1.32,14.76,50.42,4.2,0.192,33.59,68.5,944.5,1.0,0.0,0.0,0.0,0.0,0.0,0.0,0.0,0.0,0.0,0.0,0.0
8.16,0.14,0.15,150.0,486.0,14.0,6.0,0.686,12.0,52.32,1.286,0.128,33.59,68.5,944.5,1.0,0.0,0.0,0.0,0.0,0.0,0.0,0.0,0.0,0.0,0.0,0.0
8.04,0.1,0.11,176.0,331.0,9.0,14.0,0.19,19.96,19.76,0.58,0.064,33.59,68.5,944.5,1.0,0.0,0.0,0.0,0.0,0.0,0.0,0.0,0.0,0.0,0.0,0.0
7.9,0.2,0.19,201.0,263.0,14.0,4.0,0.196,19.71,39.56,0.286,0.096,33.59,68.5,944.5,1.0,0.0,0.0,0.0,0.0,0.0,0.0,0.0,0.0,0.0,0.0,0.0
7.86,0.24,0.03,288.0,554.0,5.0,17.0,0.08,21.76,9.46,2.162,0.192,33.59,68.5,944.5,1.0,0.0,0.0,0.0,0.0,0.0,0.0,0.0,0.0,0.0,0.0,0.0
7.82,0.18,0.15,112.0,486.0,41.0,24.0,0.108,15.0,35.88,3.592,3.84,33.59,68.5,944.5,1.0,0.0,0.0,0.0,0.0,0.0,0.0,0.0,0.0,0.0,0.0,0.0
7.8,0.16,0.11,138.0,641.0,23.0,32.0,0.108,12.91,6.16,0.406,0.096,33.59,68.5,944.5,1.0,0.0,0.0,0.0,0.0,0.0,0.0,0.0,0.0,0.0,0.0,0.0
7.65,0.08,0.07,188.0,398.0,14.0,9.0,0.135,5.488,25.7,4.958,0.256,33.59,68.5,944.5,1.0,0.0,0.0,0.0,0.0,0.0,0.0,0.0,0.0,0.0,0.0,0.0
7.9,0.18,0.03,201.0,547.0,41.0,5.0,0.108,1.874,15.69,3.094,0.224,33.59,68.5,944.5,0.0,0.0,0.0,1.0,0.0,0.0,0.0,0.0,0.0,0.0,0.0,0.0
7.68,0.19,0.15,238.0,682.0,23.0,3.0,0.108,4.11,15.63,3.008,0.16,33.59,68.5,944.5,1.0,0.0,0.0,0.0,0.0,0.0,0.0,0.0,0.0,0.0,0.0,0.0
7.82,0.08,0.19,226.0,514.0,32.0,18.0,1.76,13.15,29.38,0.06,0.416,33.59,68.5,944.5,1.0,0.0,0.0,0.0,0.0,0.0,0.0,0.0,0.0,0.0,0.0,0.0
7.79,0.08,0.15,211.0,391.0,23.0,5.0,0.128,1.789,5.751,0.054,0.259,33.59,68.5,944.5,1.0,0.0,0.0,0.0,0.0,0.0,0.0,0.0,0.0,0.0,0.0,0.0
7.74,0.12,0.3,213.0,263.0,23.0,27.0,0.548,9.864,47.86,4.048,0.352,33.59,68.5,944.5,1.0,0.0,0.0,0.0,0.0,0.0,0.0,0.0,0.0,0.0,0.0,0.0
7.82,0.011,0.03,201.0,685.0,32.0,5.0,0.11,1.784,8.171,0.593,0.164,33.59,68.5,944.5,1.0,0.0,0.0,0.0,0.0,0.0,0.0,0.0,0.0,0.0,0.0,0.0
7.68,0.11,0.07,188.0,389.0,18.0,3.0,0.821,6.789,6.635,0.957,0.523,33.59,68.5,944.5,1.0,0.0,0.0,0.0,0.0,0.0,0.0,0.0,0.0,0.0,0.0,0.0
8.01,0.07,0.019,226.0,226.0,41.0,18.0,0.329,2.716,4.71,1.079,0.291,33.59,68.5,944.5,1.0,0.0,0.0,0.0,0.0,0.0,0.0,0.0,0.0,0.0,0.0,0.0
7.95,0.07,0.19,213.0,325.0,574.0,18.0,1.76,9.382,3.511,0.601,0.614,33.59,68.5,944.5,1.0,0.0,0.0,0.0,0.0,0.0,0.0,0.0,0.0,0.0,0.0,0.0
8.01,0.09,0.15,201.0,18.0,635.0,27.0,1.954,8.201,9.761,0.271,0.281,33.59,68.5,944.5,1.0,0.0,0.0,0.0,0.0,0.0,0.0,0.0,0.0,0.0,0.0,0.0
7.69,0.21,0.11,176.0,32.0,263.0,18.0,3.082,8.649,7.679,0.289,0.532,33.59,68.5,944.5,1.0,0.0,0.0,0.0,0.0,0.0,0.0,0.0,0.0,0.0,0.0,0.0
7.71,0.18,0.07,138.0,14.0,506.0,6.0,0.962,4.761,8.468,1.286,0.291,33.59,68.5,944.5,1.0,0.0,0.0,0.0,0.0,0.0,0.0,0.0,0.0,0.0,0.0,0.0
7.98,0.25,0.03,176.0,5.0,331.0,14.0,1.76,3.879,9.694,5.322,0.821,33.59,68.5,944.5,1.0,0.0,0.0,0.0,0.0,0.0,0.0,0.0,0.0,0.0,0.0,0.0
7.85,0.17,0.15,201.0,9.0,486.0,4.0,1.954,9.901,2.381,0.581,0.406,33.59,68.5,944.5,1.0,0.0,0.0,0.0,0.0,0.0,0.0,0.0,0.0,0.0,0.0,0.0
7.78,0.16,0.24,288.0,23.0,641.0,24.0,0.519,15.81,8.972,2.216,0.291,33.59,68.5,944.5,1.0,0.0,0.0,0.0,0.0,0.0,0.0,0.0,0.0,0.0,0.0,0.0
7.79,0.22,0.11,226.0,64.0,574.0,32.0,0.327,10.89,7.072,0.592,0.843,33.59,68.5,944.5,1.0,0.0,0.0,0.0,0.0,0.0,0.0,0.0,0.0,0.0,0.0,0.0
7.83,0.15,0.23,250.0,48.0,439.0,9.0,0.782,4.286,10.37,0.388,0.16,30.7,62.23,806.4,1.0,0.0,0.0,0.0,0.0,0.0,0.0,0.0,0.0,0.0,0.0,0.0
8.04,0.09,0.46,201.0,33.0,655.0,5.0,0.48,4.66,15.6,0.622,0.736,30.7,62.23,806.4,0.0,0.0,0.0,1.0,0.0,0.0,0.0,0.0,0.0,0.0,0.0,0.0
8.1,0.17,0.31,276.0,17.0,351.0,18.0,0.566,9.766,12.19,0.582,0.32,30.7,62.23,806.4,0.0,0.0,0.0,1.0,0.0,0.0,0.0,0.0,0.0,0.0,0.0,0.0
8.1,0.18,0.23,238.0,28.0,648.0,9.0,0.996,3.376,12.44,0.446,0.192,30.7,62.23,806.4,0.0,0.0,0.0,1.0,0.0,0.0,0.0,0.0,0.0,0.0,0.0,0.0
8.32,0.13,0.27,201.0,14.0,405.0,5.0,0.394,3.158,8.47,0.628,0.736,30.7,62.23,806.4,0.0,0.0,0.0,0.0,0.0,1.0,0.0,0.0,0.0,0.0,0.0,0.0
7.99,0.19,0.19,250.0,8.0,648.0,30.0,0.696,12.12,18.76,1.03,0.608,30.7,62.23,806.4,0.0,0.0,0.0,0.0,0.0,1.0,0.0,0.0,0.0,0.0,0.0,0.0
7.93,0.17,0.5,238.0,29.0,331.0,8.0,1.04,4.566,14.11,0.486,0.256,30.7,62.23,806.4,0.0,0.0,1.0,0.0,0.0,0.0,0.0,0.0,0.0,0.0,0.0,0.0
7.89,0.19,0.15,226.0,49.0,662.0,6.0,0.61,2.97,12.82,0.784,0.16,30.7,62.23,806.4,0.0,0.0,0.0,0.0,0.0,0.0,0.0,1.0,0.0,0.0,0.0,0.0
7.93,0.17,0.5,238.0,32.0,216.0,11.0,0.33,3.314,4.428,0.33,0.064,30.7,62.23,806.4,0.0,0.0,0.0,0.0,0.0,0.0,0.0,0.0,0.0,1.0,0.0,0.0
7.99,0.24,0.5,201.0,13.0,304.0,5.0,0.202,15.97,14.84,1.094,0.128,30.7,62.23,806.4,1.0,0.0,0.0,0.0,0.0,0.0,0.0,0.0,0.0,0.0,0.0,0.0
8.19,0.1,0.03,238.0,17.0,446.0,6.0,0.394,7.354,12.31,0.524,0.352,30.7,62.23,806.4,1.0,0.0,0.0,0.0,0.0,0.0,0.0,0.0,0.0,0.0,0.0,0.0
7.99,0.19,0.19,201.0,14.0,317.0,5.0,2.716,10.42,16.74,0.46,0.192,30.7,62.23,806.4,0.0,0.0,0.0,0.0,0.0,0.0,1.0,0.0,0.0,0.0,0.0,0.0
8.05,0.2,0.27,276.0,10.0,392.0,11.0,2.028,15.65,16.16,1.244,0.064,30.7,62.23,806.4,1.0,0.0,0.0,0.0,0.0,0.0,0.0,0.0,0.0,0.0,0.0,0.0
7.96,0.19,0.23,201.0,23.0,621.0,14.0,3.426,15.84,10.54,1.088,0.576,30.7,62.23,806.4,0.0,0.0,0.0,0.0,0.0,0.0,0.0,0.0,0.0,0.0,1.0,0.0
8.13,0.2,0.03,201.0,20.0,459.0,12.0,4.178,8.858,13.6,0.926,0.352,30.7,62.23,806.4,0.0,0.0,0.0,0.0,0.0,1.0,0.0,0.0,0.0,0.0,0.0,0.0
7.85,0.18,0.23,226.0,22.0,486.0,30.0,1.512,18.73,11.73,1.762,0.256,30.7,62.23,806.4,0.0,0.0,0.0,0.0,0.0,0.0,0.0,0.0,0.0,0.0,1.0,0.0
8.15,0.19,0.15,226.0,14.0,284.0,10.0,1.126,20.36,15.6,0.99,0.416,30.7,62.23,806.4,1.0,0.0,0.0,0.0,0.0,0.0,0.0,0.0,0.0,0.0,0.0,0.0
8.2,0.29,0.11,201.0,42.0,297.0,6.0,3.426,3.784,14.62,0.376,0.16,30.7,62.23,806.4,0.0,0.0,0.0,0.0,0.0,0.0,0.0,0.0,0.0,0.0,1.0,0.0
7.64,0.2,0.27,226.0,48.0,284.0,30.0,4.392,4.63,19.27,0.188,0.096,30.7,62.23,806.4,0.0,0.0,0.0,1.0,0.0,0.0,0.0,0.0,0.0,0.0,0.0,0.0
8.0,0.19,0.19,213.0,42.0,358.0,5.0,3.554,3.032,14.46,0.35,0.384,30.7,62.23,806.4,0.0,0.0,0.0,0.0,0.0,0.0,1.0,0.0,0.0,0.0,0.0,0.0
7.97,0.5,0.46,201.0,17.0,236.0,19.0,4.564,4.348,13.33,0.402,0.256,30.7,62.23,806.4,0.0,0.0,0.0,0.0,0.0,1.0,0.0,0.0,0.0,0.0,0.0,0.0
8.0,0.35,0.23,238.0,25.0,162.0,11.0,3.962,3.54,10.62,0.524,0.224,30.7,62.23,806.4,0.0,0.0,0.0,0.0,0.0,1.0,0.0,0.0,0.0,0.0,0.0,0.0
7.99,0.2,0.19,801.0,8.0,338.0,30.0,4.156,12.21,16.44,0.24,0.096,30.7,62.23,806.4,0.0,0.0,0.0,0.0,0.0,1.0,0.0,0.0,0.0,0.0,0.0,0.0
8.07,0.36,0.1,226.0,25.0,581.0,8.0,2.372,17.35,15.68,0.402,0.416,30.7,62.23,806.4,0.0,0.0,0.0,0.0,0.0,1.0,0.0,0.0,0.0,0.0,0.0,0.0
7.74,0.24,0.58,238.0,18.0,243.0,5.0,2.092,14.84,20.72,0.336,0.192,30.7,62.23,806.4,1.0,0.0,0.0,0.0,0.0,0.0,0.0,0.0,0.0,0.0,0.0,0.0
7.5,0.22,0.03,238.0,23.0,662.0,9.0,1.678,4.062,23.12,3.18,0.064,33.59,69.09,739.4,1.0,0.0,0.0,0.0,0.0,0.0,0.0,0.0,0.0,0.0,0.0,0.0
7.81,0.1,0.23,213.0,36.0,439.0,4.0,1.486,3.064,19.8,2.162,0.192,33.59,69.09,739.4,1.0,0.0,0.0,0.0,0.0,0.0,0.0,0.0,0.0,0.0,0.0,0.0
7.85,0.16,0.15,201.0,41.0,486.0,2.0,1.458,4.11,37.36,1.988,0.416,33.59,69.09,739.4,1.0,0.0,0.0,0.0,0.0,0.0,0.0,0.0,0.0,0.0,0.0,0.0
7.86,0.21,0.27,176.0,50.0,236.0,5.0,1.734,4.632,22.22,2.812,0.224,33.59,69.09,739.4,1.0,0.0,0.0,0.0,0.0,0.0,0.0,0.0,0.0,0.0,0.0,0.0
7.88,0.28,0.03,238.0,68.0,554.0,23.0,2.092,5.25,44.34,1.62,0.16,33.59,69.09,739.4,1.0,0.0,0.0,0.0,0.0,0.0,0.0,0.0,0.0,0.0,0.0,0.0
7.9,0.19,0.11,276.0,36.0,439.0,18.0,1.458,5.156,26.76,3.072,0.096,33.59,69.09,739.4,1.0,0.0,0.0,0.0,0.0,0.0,0.0,0.0,0.0,0.0,0.0,0.0
8.02,0.24,0.27,263.0,41.0,74.0,17.0,1.568,5.442,26.28,0.624,0.44,33.59,69.09,739.4,1.0,0.0,0.0,0.0,0.0,0.0,0.0,0.0,0.0,0.0,0.0,0.0
7.98,0.05,0.05,226.0,50.0,196.0,19.0,1.568,5.108,27.72,2.596,0.192,33.59,69.09,739.4,1.0,0.0,0.0,0.0,0.0,0.0,0.0,0.0,0.0,0.0,0.0,0.0
8.04,0.1,0.3,213.0,32.0,236.0,2.0,2.008,3.728,27.22,0.948,0.512,33.59,69.09,739.4,1.0,0.0,0.0,0.0,0.0,0.0,0.0,0.0,0.0,0.0,0.0,0.0
8.06,0.89,0.31,201.0,23.0,290.0,14.0,1.238,4.348,23.02,0.97,0.224,33.59,69.09,739.4,1.0,0.0,0.0,0.0,0.0,0.0,0.0,0.0,0.0,0.0,0.0,0.0
8.09,0.1,0.11,250.0,36.0,385.0,32.0,2.476,14.1,40.28,2.101,0.256,33.59,69.09,739.4,1.0,0.0,0.0,0.0,0.0,0.0,0.0,0.0,0.0,0.0,0.0,0.0
8.1,0.14,0.27,238.0,59.0,459.0,5.0,1.706,3.016,33.08,0.104,0.416,33.59,69.09,739.4,1.0,0.0,0.0,0.0,0.0,0.0,0.0,0.0,0.0,0.0,0.0,0.0
8.01,0.18,0.19,201.0,64.0,520.0,5.0,1.953,3.348,34.6,1.426,0.192,33.59,69.09,739.4,1.0,0.0,0.0,0.0,0.0,0.0,0.0,0.0,0.0,0.0,0.0,0.0
8.08,0.09,0.23,263.0,50.0,506.0,3.0,1.926,3.158,35.74,1.208,0.256,33.59,69.09,739.4,1.0,0.0,0.0,0.0,0.0,0.0,0.0,0.0,0.0,0.0,0.0,0.0
8.1,0.08,0.11,288.0,23.0,437.0,32.0,1.98,3.444,37.3,0.516,0.416,33.59,69.09,739.4,1.0,0.0,0.0,0.0,0.0,0.0,0.0,0.0,0.0,0.0,0.0,0.0
7.86,0.04,0.03,213.0,46.0,331.0,17.0,1.264,0.604,31.24,0.132,0.256,33.59,69.09,739.4,1.0,0.0,0.0,0.0,0.0,0.0,0.0,0.0,0.0,0.0,0.0,0.0
7.8,0.1,0.23,176.0,36.0,392.0,5.0,1.458,3.396,30.66,1.208,0.512,33.59,69.09,739.4,1.0,0.0,0.0,0.0,0.0,0.0,0.0,0.0,0.0,0.0,0.0,0.0
7.7,0.05,0.15,201.0,41.0,655.0,14.0,2.008,3.158,39.04,1.32,0.288,33.59,69.09,739.4,1.0,0.0,0.0,0.0,0.0,0.0,0.0,0.0,0.0,0.0,0.0,0.0
7.7,0.04,0.19,213.0,18.0,371.0,9.0,1.596,4.966,17.53,0.125,0.224,32.7,78.4,911.2,1.0,0.0,0.0,0.0,0.0,0.0,0.0,0.0,0.0,0.0,0.0,0.0
7.74,0.05,0.07,176.0,50.0,304.0,14.0,1.596,5.014,23.5,0.82,0.128,32.7,78.4,911.2,1.0,0.0,0.0,0.0,0.0,0.0,0.0,0.0,0.0,0.0,0.0,0.0
7.68,0.07,0.03,263.0,41.0,243.0,21.0,6.898,4.156,32.6,0.328,0.096,32.7,78.4,911.2,1.0,0.0,0.0,0.0,0.0,0.0,0.0,0.0,0.0,0.0,0.0,0.0
7.7,0.1,0.23,226.0,23.0,216.0,14.0,3.496,5.196,17.64,0.472,0.288,32.7,78.4,911.2,1.0,0.0,0.0,0.0,0.0,0.0,0.0,0.0,0.0,0.0,0.0,0.0
7.65,0.05,0.27,201.0,36.0,311.0,24.0,1.98,7.058,14.74,0.152,0.224,32.7,78.4,911.2,1.0,0.0,0.0,0.0,0.0,0.0,0.0,0.0,0.0,0.0,0.0,0.0
7.71,0.1,0.03,263.0,59.0,277.0,6.0,1.898,4.3,14.98,0.162,0.192,32.7,78.4,911.2,1.0,0.0,0.0,0.0,0.0,0.0,0.0,0.0,0.0,0.0,0.0,0.0
7.82,0.08,0.19,138.0,14.0,338.0,11.0,2.834,8.676,18.58,0.441,3.84,32.7,78.4,911.2,1.0,0.0,0.0,0.0,0.0,0.0,0.0,0.0,0.0,0.0,0.0,0.0
7.53,0.1,0.23,226.0,50.0,459.0,14.0,3.028,8.248,9.12,2.38,0.192,32.7,78.4,911.2,1.0,0.0,0.0,0.0,0.0,0.0,0.0,0.0,0.0,0.0,0.0,0.0
7.86,0.05,0.19,188.0,68.0,614.0,15.0,2.834,7.63,45.54,3.18,0.096,32.7,78.4,911.2,1.0,0.0,0.0,0.0,0.0,0.0,0.0,0.0,0.0,0.0,0.0,0.0
7.8,0.1,0.19,176.0,91.0,216.0,11.0,2.724,8.2,27.82,0.58,0.256,32.7,78.4,911.2,1.0,0.0,0.0,0.0,0.0,0.0,0.0,0.0,0.0,0.0,0.0,0.0
7.96,0.09,0.23,176.0,9.0,554.0,18.0,3.22,8.486,42.6,0.126,0.224,32.7,78.4,911.2,1.0,0.0,0.0,0.0,0.0,0.0,0.0,0.0,0.0,0.0,0.0,0.0
8.02,0.14,0.19,88.0,410.0,311.0,21.0,2.228,9.088,50.7,0.632,0.63,31.46,71.0,853.5,1.0,0.0,0.0,0.0,0.0,0.0,0.0,0.0,0.0,0.0,0.0,0.0
8.06,0.1,0.23,163.0,23.0,554.0,1.0,3.082,21.24,19.66,1.556,0.512,31.46,71.0,853.5,1.0,0.0,0.0,0.0,0.0,0.0,0.0,0.0,0.0,0.0,0.0,0.0
7.95,0.12,0.07,75.0,36.0,439.0,4.0,2.174,11.91,49.26,1.286,0.16,31.46,71.0,853.5,1.0,0.0,0.0,0.0,0.0,0.0,0.0,0.0,0.0,0.0,0.0,0.0
8.04,0.1,0.03,176.0,27.0,196.0,7.0,0.962,2.114,5.21,0.754,0.096,31.46,71.0,853.5,1.0,0.0,0.0,0.0,0.0,0.0,0.0,0.0,0.0,0.0,0.0,0.0
8.14,0.14,0.15,150.0,80.0,270.0,12.0,2.696,12.81,19.7,0.223,0.032,31.46,71.0,853.5,1.0,0.0,0.0,0.0,0.0,0.0,0.0,0.0,0.0,0.0,0.0,0.0
8.1,0.8,0.23,238.0,32.0,459.0,3.0,1.76,14.67,22.8,0.624,3.84,31.46,71.0,853.5,1.0,0.0,0.0,0.0,0.0,0.0,0.0,0.0,0.0,0.0,0.0,0.0
8.03,0.11,0.11,176.0,50.0,243.0,4.0,1.954,11.43,27.7,2.774,0.064,31.46,71.0,853.5,1.0,0.0,0.0,0.0,0.0,0.0,0.0,0.0,0.0,0.0,0.0,0.0
8.04,0.2,0.27,213.0,82.0,277.0,6.0,2.256,3.172,4.18,0.928,0.192,31.46,71.0,853.5,1.0,0.0,0.0,0.0,0.0,0.0,0.0,0.0,0.0,0.0,0.0,0.0
8.17,0.21,0.15,226.0,55.0,338.0,8.0,2.228,12.48,4.68,0.16,0.256,31.46,71.0,853.5,1.0,0.0,0.0,0.0,0.0,0.0,0.0,0.0,0.0,0.0,0.0,0.0
8.29,0.2,0.07,213.0,46.0,155.0,8.0,2.724,7.914,14.18,8.72,0.512,31.46,71.0,853.5,1.0,0.0,0.0,0.0,0.0,0.0,0.0,0.0,0.0,0.0,0.0,0.0
8.2,0.2,0.27,201.0,46.0,398.0,11.0,2.284,19.19,15.74,3.904,0.224,31.46,71.0,853.5,1.0,0.0,0.0,0.0,0.0,0.0,0.0,0.0,0.0,0.0,0.0,0.0
8.15,0.18,0.19,176.0,5.0,439.0,12.0,2.834,13.72,4.44,3.614,0.416,31.46,71.0,853.5,1.0,0.0,0.0,0.0,0.0,0.0,0.0,0.0,0.0,0.0,0.0,0.0
7.9,0.14,0.11,138.0,14.0,554.0,7.0,1.43,14.62,14.36,4.004,0.16,31.46,71.0,853.5,1.0,0.0,0.0,0.0,0.0,0.0,0.0,0.0,0.0,0.0,0.0,0.0
7.8,0.08,0.07,176.0,41.0,662.0,8.0,2.284,9.626,18.2,1.838,0.256,31.46,71.0,853.5,1.0,0.0,0.0,0.0,0.0,0.0,0.0,0.0,0.0,0.0,0.0,0.0
7.76,0.14,0.19,150.0,46.0,243.0,6.0,1.486,12.39,29.64,3.592,0.064,31.46,71.0,853.5,1.0,0.0,0.0,0.0,0.0,0.0,0.0,0.0,0.0,0.0,0.0,0.0
7.82,0.1,0.31,88.0,50.0,331.0,4.0,1.98,12.67,7.52,4.676,0.192,31.46,71.0,853.5,1.0,0.0,0.0,0.0,0.0,0.0,0.0,0.0,0.0,0.0,0.0,0.0
8.1,0.17,0.31,238.0,18.0,338.0,25.0,0.846,2.28,5.028,0.382,2.016,28.0,63.0,806.6,1.0,0.0,0.0,0.0,0.0,0.0,0.0,0.0,0.0,0.0,0.0,0.0
8.06,0.28,0.39,226.0,27.0,311.0,6.0,0.0,0.89,5.404,0.354,0.128,28.0,63.0,806.6,1.0,0.0,0.0,0.0,0.0,0.0,0.0,0.0,0.0,0.0,0.0,0.0
8.01,0.2,0.35,201.0,109.0,574.0,4.0,1.846,1.91,9.174,1.174,0.8,28.0,63.0,806.6,1.0,0.0,0.0,0.0,0.0,0.0,0.0,0.0,0.0,0.0,0.0,0.0
7.97,0.12,0.15,188.0,59.0,324.0,11.0,0.672,0.89,5.192,0.424,1.024,28.0,63.0,806.6,1.0,0.0,0.0,0.0,0.0,0.0,0.0,0.0,0.0,0.0,0.0,0.0
7.75,0.25,0.23,213.0,46.0,675.0,16.0,5.58,0.89,0.392,0.382,0.064,28.0,63.0,806.6,1.0,0.0,0.0,0.0,0.0,0.0,0.0,0.0,0.0,0.0,0.0,0.0
7.8,0.29,0.16,201.0,36.0,405.0,22.0,5.372,2.836,5.192,0.286,0.192,28.0,63.0,806.6,1.0,0.0,0.0,0.0,0.0,0.0,0.0,0.0,0.0,0.0,0.0,0.0
7.9,0.15,0.19,213.0,27.0,486.0,10.0,0.118,3.208,2.346,0.41,0.256,28.0,63.0,806.6,1.0,0.0,0.0,0.0,0.0,0.0,0.0,0.0,0.0,0.0,0.0,0.0
7.94,0.2,0.23,288.0,73.0,284.0,14.0,5.234,5.016,1.848,0.522,0.416,28.0,63.0,806.6,1.0,0.0,0.0,0.0,0.0,0.0,0.0,0.0,0.0,0.0,0.0,0.0
7.9,0.17,0.15,276.0,46.0,405.0,5.0,5.788,4.088,1.956,0.09,0.736,28.0,63.0,806.6,1.0,0.0,0.0,0.0,0.0,0.0,0.0,0.0,0.0,0.0,0.0,0.0
8.04,0.16,0.27,163.0,32.0,196.0,18.0,5.788,0.89,3.022,0.064,0.128,28.0,63.0,806.6,1.0,0.0,0.0,0.0,0.0,0.0,0.0,0.0,0.0,0.0,0.0,0.0
8.02,0.2,0.1,238.0,55.0,270.0,26.0,4.82,3.67,3.058,0.368,0.224,28.0,63.0,806.6,1.0,0.0,0.0,0.0,0.0,0.0,0.0,0.0,0.0,0.0,0.0,0.0
8.0,0.14,0.31,163.0,27.0,668.0,33.0,5.166,2.234,5.334,0.452,0.512,28.0,63.0,806.6,1.0,0.0,0.0,0.0,0.0,0.0,0.0,0.0,0.0,0.0,0.0,0.0
7.86,0.12,0.07,263.0,46.0,554.0,5.0,4.474,1.632,3.342,1.41,0.544,28.0,63.0,806.6,1.0,0.0,0.0,0.0,0.0,0.0,0.0,0.0,0.0,0.0,0.0,0.0
8.05,0.16,0.42,188.0,5.0,432.0,7.0,4.336,1.4,12.98,0.66,0.096,28.0,63.0,806.6,0.0,0.0,0.0,0.0,0.0,0.0,0.0,1.0,0.0,0.0,0.0,0.0
8.12,0.22,0.19,276.0,18.0,405.0,16.0,1.64,5.386,10.6,0.604,0.416,28.0,63.0,806.6,0.0,0.0,0.0,0.0,0.0,0.0,0.0,1.0,0.0,0.0,0.0,0.0
7.76,0.2,0.39,263.0,82.0,338.0,41.0,2.262,2.048,9.386,0.48,0.192,28.0,63.0,806.6,0.0,0.0,0.0,0.0,0.0,0.0,0.0,1.0,0.0,0.0,0.0,0.0
7.92,0.18,0.35,176.0,64.0,405.0,21.0,1.502,6.73,7.68,0.05,0.064,28.0,63.0,806.6,0.0,0.0,0.0,0.0,0.0,0.0,0.0,1.0,0.0,0.0,0.0,0.0
8.3,0.12,0.39,250.0,46.0,324.0,15.0,1.156,1.77,5.724,0.118,0.672,28.0,63.0,806.6,0.0,0.0,0.0,0.0,0.0,0.0,0.0,1.0,0.0,0.0,0.0,0.0
8.1,0.3,0.11,226.0,36.0,574.0,24.0,0.534,1.724,4.942,0.438,0.576,28.0,63.0,806.6,1.0,0.0,0.0,0.0,0.0,0.0,0.0,0.0,0.0,0.0,0.0,0.0
7.89,0.18,0.27,276.0,73.0,567.0,41.0,0.24,3.532,3.306,0.604,0.192,28.0,63.0,806.6,1.0,0.0,0.0,0.0,0.0,0.0,0.0,0.0,0.0,0.0,0.0,0.0
7.95,0.18,0.31,176.0,27.0,392.0,21.0,2.192,5.896,20.24,1.078,0.192,28.0,63.0,806.6,1.0,0.0,0.0,0.0,0.0,0.0,0.0,0.0,0.0,0.0,0.0,0.0
7.92,0.22,0.11,250.0,18.0,365.0,14.0,1.362,4.69,5.12,1.09,0.256,28.0,63.0,806.6,1.0,0.0,0.0,0.0,0.0,0.0,0.0,0.0,0.0,0.0,0.0,0.0
7.8,0.1,0.39,226.0,9.0,338.0,21.0,5.856,16.93,6.044,0.104,0.608,28.0,63.0,806.6,1.0,0.0,0.0,0.0,0.0,0.0,0.0,0.0,0.0,0.0,0.0,0.0
7.16,0.4,0.23,150.0,119.0,554.0,5.0,5.996,5.756,8.498,0.688,0.064,28.0,63.0,806.6,1.0,0.0,0.0,0.0,0.0,0.0,0.0,0.0,0.0,0.0,0.0,0.0
7.8,0.28,0.31,250.0,68.0,432.0,13.0,2.884,2.326,5.832,0.48,0.096,28.0,63.0,806.6,1.0,0.0,0.0,0.0,0.0,0.0,0.0,0.0,0.0,0.0,0.0,0.0
8.11,0.08,0.27,238.0,27.0,128.0,2.0,2.814,1.816,3.556,1.132,0.192,28.0,63.0,806.6,1.0,0.0,0.0,0.0,0.0,0.0,0.0,0.0,0.0,0.0,0.0,0.0
8.45,0.1,0.18,213.0,23.0,432.0,7.0,0.026,1.684,0.588,0.51,0.416,34.0,78.9,697.3,0.0,0.0,1.0,0.0,0.0,0.0,0.0,0.0,0.0,0.0,0.0,0.0
8.29,0.26,0.11,250.0,14.0,257.0,5.0,0.12,1.324,5.926,0.612,0.192,34.0,78.9,697.3,0.0,0.0,1.0,0.0,0.0,0.0,0.0,0.0,0.0,0.0,0.0,0.0
8.3,0.16,0.27,238.0,18.0,493.0,1.0,0.058,4.252,4.61,0.236,0.448,34.0,78.9,697.3,1.0,0.0,0.0,0.0,0.0,0.0,0.0,0.0,0.0,0.0,0.0,0.0
8.03,0.28,0.35,213.0,5.0,473.0,33.0,0.214,4.21,3.258,0.172,1.344,34.0,78.9,697.3,1.0,0.0,0.0,0.0,0.0,0.0,0.0,0.0,0.0,0.0,0.0,0.0
8.13,0.15,0.23,313.0,18.0,554.0,6.0,0.058,5.414,2.746,0.366,0.096,34.0,78.9,697.3,0.0,0.0,1.0,0.0,0.0,0.0,0.0,0.0,0.0,0.0,0.0,0.0
8.09,0.12,0.11,301.0,14.0,243.0,5.0,0.12,3.79,4.976,0.236,0.448,34.0,78.9,697.3,1.0,0.0,0.0,0.0,0.0,0.0,0.0,0.0,0.0,0.0,0.0,0.0
7.92,0.1,0.27,238.0,9.0,439.0,6.0,0.026,5.234,4.72,0.022,0.192,34.0,78.9,697.3,1.0,0.0,0.0,0.0,0.0,0.0,0.0,0.0,0.0,0.0,0.0,0.0
7.87,0.12,0.11,276.0,18.0,338.0,5.0,0.088,5.112,0.224,0.022,0.8,34.0,78.9,697.3,1.0,0.0,0.0,0.0,0.0,0.0,0.0,0.0,0.0,0.0,0.0,0.0
8.13,0.23,0.19,263.0,23.0,500.0,7.0,0.34,5.774,1.32,0.076,0.416,34.0,78.9,697.3,1.0,0.0,0.0,0.0,0.0,0.0,0.0,0.0,0.0,0.0,0.0,0.0
8.1,0.26,0.11,213.0,18.0,324.0,5.0,0.184,4.812,5.634,0.086,0.128,34.0,78.9,697.3,1.0,0.0,0.0,0.0,0.0,0.0,0.0,0.0,0.0,0.0,0.0,0.0
8.37,0.27,0.27,326.0,419.0,14.0,5.0,0.31,3.91,5.342,0.28,0.352,34.0,78.9,697.3,1.0,0.0,0.0,0.0,0.0,0.0,0.0,0.0,0.0,0.0,0.0,0.0
8.29,0.14,0.23,250.0,527.0,5.0,8.0,0.026,9.142,7.828,0.076,1.536,34.0,78.9,697.3,0.0,0.0,1.0,0.0,0.0,0.0,0.0,0.0,0.0,0.0,0.0,0.0
8.03,0.23,0.35,288.0,540.0,27.0,6.0,0.53,7.218,1.43,0.312,0.192,34.0,78.9,697.3,0.0,0.0,1.0,0.0,0.0,0.0,0.0,0.0,0.0,0.0,0.0,0.0
8.37,0.21,0.19,301.0,297.0,18.0,5.0,0.372,5.112,4.098,0.182,0.352,34.0,78.9,697.3,0.0,0.0,1.0,0.0,0.0,0.0,0.0,0.0,0.0,0.0,0.0,0.0
8.36,0.26,0.27,238.0,621.0,9.0,7.0,0.498,5.534,2.088,0.162,0.224,34.0,78.9,697.3,0.0,0.0,1.0,0.0,0.0,0.0,0.0,0.0,0.0,0.0,0.0,0.0
7.96,0.3,0.31,213.0,439.0,59.0,38.0,0.246,4.812,0.99,0.688,2.4,34.0,78.9,697.3,0.0,0.0,1.0,0.0,0.0,0.0,0.0,0.0,0.0,0.0,0.0,0.0
6.22,0.27,0.19,313.0,527.0,36.0,14.0,0.466,4.512,6.694,0.226,0.064,34.0,78.9,697.3,0.0,0.0,1.0,0.0,0.0,0.0,0.0,0.0,0.0,0.0,0.0,0.0
7.59,0.18,0.27,238.0,338.0,18.0,10.0,0.372,4.512,4.208,0.28,0.416,34.0,78.9,697.3,0.0,0.0,1.0,0.0,0.0,0.0,0.0,0.0,0.0,0.0,0.0,0.0
7.56,1.2,0.15,201.0,59.0,452.0,29.0,3.99,16.42,13.87,1.258,0.111,31.0,61.0,875.8,1.0,0.0,0.0,0.0,0.0,0.0,0.0,0.0,0.0,0.0,0.0,0.0
7.88,1.35,0.46,188.0,36.0,338.0,8.0,1.708,2.976,18.35,1.078,0.096,31.0,61.0,875.8,1.0,0.0,0.0,0.0,0.0,0.0,0.0,0.0,0.0,0.0,0.0,0.0
7.76,0.38,0.19,276.0,27.0,284.0,14.0,3.438,4.412,9.174,1.104,0.384,31.0,61.0,875.8,1.0,0.0,0.0,0.0,0.0,0.0,0.0,0.0,0.0,0.0,0.0,0.0
7.65,0.24,0.42,226.0,46.0,405.0,23.0,3.16,3.67,5.76,1.258,0.128,31.0,61.0,875.8,1.0,0.0,0.0,0.0,0.0,0.0,0.0,0.0,0.0,0.0,0.0,0.0
7.86,0.22,0.23,226.0,50.0,392.0,11.0,1.294,3.856,10.88,1.55,0.192,31.0,61.0,875.8,1.0,0.0,0.0,0.0,0.0,0.0,0.0,0.0,0.0,0.0,0.0,0.0
7.68,0.13,0.11,238.0,32.0,317.0,5.0,1.294,9.14,5.44,1.8,0.384,31.0,61.0,875.8,1.0,0.0,0.0,0.0,0.0,0.0,0.0,0.0,0.0,0.0,0.0,0.0
7.82,0.16,0.39,263.0,18.0,486.0,13.0,2.884,4.968,6.258,1.618,0.224,31.0,61.0,875.8,1.0,0.0,0.0,0.0,0.0,0.0,0.0,0.0,0.0,0.0,0.0,0.0
7.84,0.22,0.15,176.0,5.0,378.0,15.0,1.848,4.274,6.472,1.174,0.096,31.0,61.0,875.8,1.0,0.0,0.0,0.0,0.0,0.0,0.0,0.0,0.0,0.0,0.0,0.0
7.88,0.13,0.31,163.0,27.0,284.0,10.0,1.224,6.498,7.432,0.508,0.672,31.0,61.0,875.8,1.0,0.0,0.0,0.0,0.0,0.0,0.0,0.0,0.0,0.0,0.0,0.0
7.8,0.18,0.27,276.0,14.0,392.0,18.0,1.086,3.95,9.636,0.896,0.128,31.0,61.0,875.8,1.0,0.0,0.0,0.0,0.0,0.0,0.0,0.0,0.0,0.0,0.0,0.0
7.72,0.18,0.35,223.0,23.0,270.0,14.0,1.64,10.21,8.392,1.272,0.384,31.0,61.0,875.8,1.0,0.0,0.0,0.0,0.0,0.0,0.0,0.0,0.0,0.0,0.0,0.0
7.7,0.16,0.15,188.0,9.0,230.0,22.0,1.018,5.896,8.568,1.744,0.096,31.0,61.0,875.8,1.0,0.0,0.0,0.0,0.0,0.0,0.0,0.0,0.0,0.0,0.0,0.0
8.05,0.11,0.23,238.0,46.0,338.0,10.0,2.538,5.618,3.448,0.66,0.384,31.0,61.0,875.8,1.0,0.0,0.0,0.0,0.0,0.0,0.0,0.0,0.0,0.0,0.0,0.0
7.52,0.1,0.19,226.0,36.0,284.0,14.0,1.432,3.346,8.888,0.104,0.096,31.0,61.0,875.8,1.0,0.0,0.0,0.0,0.0,0.0,0.0,0.0,0.0,0.0,0.0,0.0
7.84,0.2,0.35,176.0,27.0,236.0,8.0,1.64,2.142,4.444,0.882,0.192,31.0,61.0,875.8,0.0,0.0,0.0,0.0,0.0,0.0,0.0,1.0,0.0,0.0,0.0,0.0
8.02,0.67,0.27,188.0,18.0,405.0,24.0,1.708,1.4,4.85,2.716,0.256,31.0,61.0,875.8,0.0,0.0,0.0,0.0,0.0,0.0,0.0,1.0,0.0,0.0,0.0,0.0
7.85,0.69,0.11,201.0,100.0,270.0,39.0,0.672,1.632,8.676,0.828,0.48,31.0,61.0,875.8,1.0,0.0,0.0,0.0,0.0,0.0,0.0,0.0,0.0,0.0,0.0,0.0
8.05,0.18,0.31,163.0,46.0,351.0,27.0,1.702,2.142,3.022,0.036,0.288,36.89,100.0,650.3,0.0,0.0,0.0,0.0,0.0,0.0,0.0,1.0,0.0,0.0,0.0,0.0
8.07,0.4,0.15,238.0,27.0,243.0,24.0,3.368,2.558,19.16,1.314,0.224,36.89,100.0,650.3,0.0,0.0,0.0,0.0,0.0,0.0,0.0,1.0,0.0,0.0,0.0,0.0
8.31,0.2,0.35,213.0,59.0,257.0,18.0,1.156,1.446,16.21,0.98,0.064,36.89,100.0,650.3,1.0,0.0,0.0,0.0,0.0,0.0,0.0,0.0,0.0,0.0,0.0,0.0
8.29,0.35,0.23,226.0,27.0,311.0,24.0,0.672,2.836,23.4,0.494,0.544,36.89,100.0,650.3,1.0,0.0,0.0,0.0,0.0,0.0,0.0,0.0,0.0,0.0,0.0,0.0
8.41,0.2,0.27,276.0,18.0,284.0,14.0,7.862,13.5,18.03,1.41,0.416,36.89,100.0,650.3,1.0,0.0,0.0,0.0,0.0,0.0,0.0,0.0,0.0,0.0,0.0,0.0
8.19,0.24,0.15,176.0,5.0,365.0,29.0,0.256,2.93,4.054,0.494,0.128,36.89,100.0,650.3,1.0,0.0,0.0,0.0,0.0,0.0,0.0,0.0,0.0,0.0,0.0,0.0
8.14,0.52,0.23,238.0,27.0,338.0,11.0,0.534,1.816,7.146,0.536,0.256,36.89,100.0,650.3,0.0,0.0,0.0,0.0,0.0,0.0,0.0,1.0,0.0,0.0,0.0,0.0
8.02,0.12,0.19,213.0,9.0,257.0,19.0,0.534,3.392,4.622,0.604,0.416,36.89,100.0,650.3,0.0,0.0,0.0,0.0,0.0,0.0,0.0,1.0,0.0,0.0,0.0,0.0
8.23,0.1,0.27,188.0,23.0,284.0,38.0,0.118,6.916,8.534,0.98,0.352,36.89,100.0,650.3,1.0,0.0,0.0,0.0,0.0,0.0,0.0,0.0,0.0,0.0,0.0,0.0
8.14,0.15,0.19,263.0,14.0,338.0,5.0,0.256,1.308,9.066,0.618,0.416,36.89,100.0,650.3,1.0,0.0,0.0,0.0,0.0,0.0,0.0,0.0,0.0,0.0,0.0,0.0
8.22,0.18,0.11,250.0,46.0,365.0,12.0,2.538,0.89,6.168,0.814,0.736,36.89,100.0,650.3,1.0,0.0,0.0,0.0,0.0,0.0,0.0,0.0,0.0,0.0,0.0,0.0
8.28,0.47,0.28,201.0,64.0,432.0,19.0,0.326,2.652,13.19,0.578,0.48,36.89,100.0,650.3,1.0,0.0,0.0,0.0,0.0,0.0,0.0,0.0,0.0,0.0,0.0,0.0
8.09,0.35,0.31,238.0,23.0,365.0,9.0,0.188,5.432,4.872,0.354,1.024,36.89,100.0,650.3,1.0,0.0,0.0,0.0,0.0,0.0,0.0,0.0,0.0,0.0,0.0,0.0
8.16,0.26,0.39,150.0,9.0,419.0,23.0,0.326,6.684,2.916,0.522,0.192,36.89,100.0,650.3,1.0,0.0,0.0,0.0,0.0,0.0,0.0,0.0,0.0,0.0,0.0,0.0
8.05,0.22,0.46,163.0,18.0,392.0,13.0,0.05,5.664,2.276,0.772,0.064,36.89,100.0,650.3,1.0,0.0,0.0,0.0,0.0,0.0,0.0,0.0,0.0,0.0,0.0,0.0
8.36,0.18,0.39,201.0,23.0,236.0,5.0,0.326,1.076,6.614,0.966,0.48,36.89,100.0,650.3,1.0,0.0,0.0,0.0,0.0,0.0,0.0,0.0,0.0,0.0,0.0,0.0
8.43,0.14,0.27,176.0,36.0,257.0,14.0,2.538,1.308,8.96,1.382,0.608,36.89,100.0,650.3,1.0,0.0,0.0,0.0,0.0,0.0,0.0,0.0,0.0,0.0,0.0,0.0
8.45,0.12,0.42,263.0,14.0,311.0,8.0,0.948,1.168,8.924,1.508,0.288,36.89,100.0,650.3,1.0,0.0,0.0,0.0,0.0,0.0,0.0,0.0,0.0,0.0,0.0,0.0
8.25,0.12,0.39,226.0,64.0,419.0,9.0,0.464,0.89,11.52,0.146,0.096,36.89,100.0,650.3,1.0,0.0,0.0,0.0,0.0,0.0,0.0,0.0,0.0,0.0,0.0,0.0
8.14,0.27,0.11,263.0,146.0,284.0,37.0,0.05,1.308,12.09,0.199,2.304,36.89,100.0,650.3,1.0,0.0,0.0,0.0,0.0,0.0,0.0,0.0,0.0,0.0,0.0,0.0
8.42,0.19,0.23,176.0,55.0,230.0,23.0,1.018,1.076,2.596,0.314,0.096,36.89,100.0,650.3,1.0,0.0,0.0,0.0,0.0,0.0,0.0,0.0,0.0,0.0,0.0,0.0
8.14,0.29,0.15,250.0,36.0,270.0,13.0,0.326,0.89,6.756,0.054,0.416,36.89,100.0,650.3,1.0,0.0,0.0,0.0,0.0,0.0,0.0,0.0,0.0,0.0,0.0,0.0
8.2,0.17,0.35,188.0,23.0,358.0,19.0,0.948,0.89,3.626,0.188,0.224,36.89,100.0,650.3,1.0,0.0,0.0,0.0,0.0,0.0,0.0,0.0,0.0,0.0,0.0,0.0
8.05,0.19,0.11,250.0,9.0,236.0,32.0,0.583,2.307,6.168,0.189,0.097,36.89,100.0,650.3,1.0,0.0,0.0,0.0,0.0,0.0,0.0,0.0,0.0,0.0,0.0,0.0
8.09,0.17,0.31,263.0,5.0,230.0,24.0,0.188,1.98,13.91,0.059,0.417,36.89,100.0,650.3,1.0,0.0,0.0,0.0,0.0,0.0,0.0,0.0,0.0,0.0,0.0,0.0
8.14,0.19,0.23,176.0,23.0,358.0,18.0,0.05,6.108,4.218,0.188,0.539,36.89,100.0,650.3,1.0,0.0,0.0,0.0,0.0,0.0,0.0,0.0,0.0,0.0,0.0,0.0
8.03,0.09,0.11,238.0,36.0,419.0,14.0,0.224,8.81,2.169,0.544,0.143,36.89,100.0,650.3,1.0,0.0,0.0,0.0,0.0,0.0,0.0,0.0,0.0,0.0,0.0,0.0
8.24,0.11,0.31,213.0,9.0,392.0,27.0,0.064,5.432,2.762,0.416,0.359,36.89,100.0,650.3,1.0,0.0,0.0,0.0,0.0,0.0,0.0,0.0,0.0,0.0,0.0,0.0
8.07,0.25,0.23,188.0,5.0,257.0,29.0,6.46,2.657,5.368,0.128,0.147,36.89,100.0,650.3,1.0,0.0,0.0,0.0,0.0,0.0,0.0,0.0,0.0,0.0,0.0,0.0
8.03,0.18,0.27,201.0,14.0,236.0,11.0,0.644,1.492,6.194,0.224,0.259,36.89,100.0,650.3,1.0,0.0,0.0,0.0,0.0,0.0,0.0,0.0,0.0,0.0,0.0,0.0
8.22,0.05,0.11,163.0,9.0,243.0,27.0,1.221,6.564,3.107,0.416,0.11,36.89,100.0,650.3,1.0,0.0,0.0,0.0,0.0,0.0,0.0,0.0,0.0,0.0,0.0,0.0
8.01,0.26,0.31,238.0,18.0,351.0,19.0,0.632,1.214,2.8,0.188,0.227,36.89,100.0,650.3,1.0,0.0,0.0,0.0,0.0,0.0,0.0,0.0,0.0,0.0,0.0,0.0
8.14,0.24,0.15,176.0,14.0,243.0,38.0,2.538,1.076,11.1,0.352,0.097,36.89,100.0,650.3,1.0,0.0,0.0,0.0,0.0,0.0,0.0,0.0,0.0,0.0,0.0,0.0
8.54,0.31,0.07,201.0,5.0,257.0,14.0,0.058,1.038,8.89,0.224,0.308,36.89,100.0,650.3,1.0,0.0,0.0,0.0,0.0,0.0,0.0,0.0,0.0,0.0,0.0,0.0
8.09,0.09,0.11,213.0,14.0,284.0,14.0,0.949,1.274,8.179,0.057,0.288,36.89,100.0,650.3,1.0,0.0,0.0,0.0,0.0,0.0,0.0,0.0,0.0,0.0,0.0,0.0
8.11,0.06,0.15,176.0,18.0,365.0,32.0,0.537,3.109,6.52,0.187,0.128,36.89,100.0,650.3,1.0,0.0,0.0,0.0,0.0,0.0,0.0,0.0,0.0,0.0,0.0,0.0
7.94,0.16,0.27,238.0,18.0,243.0,16.0,1.156,0.89,5.688,0.716,0.192,36.03,100.0,713.1,0.0,0.0,0.0,0.0,0.0,0.0,0.0,1.0,0.0,0.0,0.0,0.0
8.03,0.22,0.35,188.0,55.0,419.0,5.0,0.534,0.89,6.328,0.494,0.2,36.03,100.0,713.1,1.0,0.0,0.0,0.0,0.0,0.0,0.0,0.0,0.0,0.0,0.0,0.0
7.83,0.15,0.27,201.0,36.0,338.0,11.0,0.81,3.114,5.76,0.41,0.384,36.03,100.0,713.1,1.0,0.0,0.0,0.0,0.0,0.0,0.0,0.0,0.0,0.0,0.0,0.0
8.05,0.28,0.39,176.0,27.0,284.0,17.0,6.256,1.864,4.374,0.382,0.416,36.03,100.0,713.1,1.0,0.0,0.0,0.0,0.0,0.0,0.0,0.0,0.0,0.0,0.0,0.0
8.12,0.1,0.23,163.0,23.0,230.0,29.0,0.602,1.028,3.592,0.146,0.096,36.03,100.0,713.1,1.0,0.0,0.0,0.0,0.0,0.0,0.0,0.0,0.0,0.0,0.0,0.0
7.7,0.2,0.15,188.0,18.0,405.0,10.0,0.464,2.234,7.786,0.076,0.192,36.03,100.0,713.1,1.0,0.0,0.0,0.0,0.0,0.0,0.0,0.0,0.0,0.0,0.0,0.0
7.91,0.14,0.31,238.0,9.0,257.0,14.0,0.188,1.77,7.822,0.202,0.48,36.03,100.0,713.1,1.0,0.0,0.0,0.0,0.0,0.0,0.0,0.0,0.0,0.0,0.0,0.0
7.82,0.2,0.11,213.0,5.0,284.0,32.0,0.88,1.492,6.968,0.396,0.128,36.03,100.0,713.1,1.0,0.0,0.0,0.0,0.0,0.0,0.0,0.0,0.0,0.0,0.0,0.0
7.81,0.14,0.27,250.0,137.0,358.0,9.0,0.602,0.89,21.04,0.382,0.928,36.03,100.0,713.1,1.0,0.0,0.0,0.0,0.0,0.0,0.0,0.0,0.0,0.0,0.0,0.0
8.03,0.54,0.07,163.0,64.0,324.0,11.0,1.362,6.266,12.8,0.3,0.384,36.03,100.0,713.1,1.0,0.0,0.0,0.0,0.0,0.0,0.0,0.0,0.0,0.0,0.0,0.0
8.0,0.22,0.42,201.0,46.0,392.0,14.0,0.256,7.426,0.284,0.064,0.096,36.03,100.0,713.1,1.0,0.0,0.0,0.0,0.0,0.0,0.0,0.0,0.0,0.0,0.0,0.0
8.05,0.16,0.39,276.0,27.0,419.0,8.0,0.05,4.412,2.134,0.48,0.418,36.03,100.0,713.1,1.0,0.0,0.0,0.0,0.0,0.0,0.0,0.0,0.0,0.0,0.0,0.0
7.9,0.9,0.15,288.0,18.0,338.0,5.0,0.05,1.028,1.956,0.48,0.192,36.03,100.0,713.1,1.0,0.0,0.0,0.0,0.0,0.0,0.0,0.0,0.0,0.0,0.0,0.0
8.13,0.13,0.31,226.0,46.0,392.0,5.0,0.256,2.976,9.672,0.328,0.256,36.03,100.0,713.1,1.0,0.0,0.0,0.0,0.0,0.0,0.0,0.0,0.0,0.0,0.0,0.0
8.1,0.2,0.23,213.0,27.0,351.0,11.0,1.916,0.89,5.618,0.132,0.416,36.03,100.0,713.1,1.0,0.0,0.0,0.0,0.0,0.0,0.0,0.0,0.0,0.0,0.0,0.0
