Class,precision,recall,f1-score,support
Acid Lime,0.0,0.0,0.0,0.0
Bajra,1.0,1.0,1.0,7.0
Banana,0.0,0.0,0.0,3.0
Bean Gram (Pending Verification),0.0,0.0,0.0,1.0
Bengal Gram,0.14285714285714285,0.16666666666666666,0.15384615384615385,6.0
Black Gram,0.6,0.631578947368421,0.6153846153846154,19.0
Chamanthi,0.0,0.0,0.0,1.0
Chilli,0.0,0.0,0.0,1.0
Cotton,0.5,0.5789473684210527,0.5365853658536586,19.0
Groundnut,0.5,0.4166666666666667,0.45454545454545453,12.0
Jowar,0.0,0.0,0.0,1.0
Korra,0.0,0.0,0.0,1.0
Onion,1.0,1.0,1.0,2.0
Paddy,0.5555555555555556,0.6896551724137931,0.6153846153846154,29.0
Red Chilli,0.0,0.0,0.0,1.0
Sesame,0.0,0.0,0.0,1.0
Soybean,0.5,0.5,0.5,2.0
Sunflower,0.0,0.0,0.0,3.0
Sweet Orange,0.25,0.3333333333333333,0.2857142857142857,3.0
Tomato,0.3333333333333333,1.0,0.5,1.0
Turmeric,1.0,0.5714285714285714,0.7272727272727273,7.0
Vegetables,0.0,0.0,0.0,1.0
accuracy,0.5371900826446281,0.5371900826446281,0.5371900826446281,0.5371900826446281
macro avg,0.29007936507936505,0.3131034875590229,0.2903969644546141,121.0
weighted avg,0.5119965892693166,0.5371900826446281,0.5170186596310362,121.0
