s_no,mandal_name,village_name,feature,issue_category,raw_value,cleaned_value,status,confidence,justification
245,Vempalli,Vempalli-7,EC,Malformed String Typo,'0..07',0.07,Confirmed Correction,High,Double decimal point keystroke on numpad resolved to 0.07; fits local baseline (0.05-0.20 dS/m)
242,Vempalli,Vempalli-5,FC,Malformed String Typo,'2..956',2.956,Confirmed Correction,High,Double decimal point keystroke on numpad resolved to 2.956; fits local distribution (1.5-4.5 ppm)
229,Lingala,Peddakudala,BA,Malformed String Typo,'0..16',0.16,Confirmed Correction,High,Double decimal point keystroke on numpad resolved to 0.16; fits local distribution (0.10-0.35 ppm)
55,Simhadripuram,Kasanur,MN,Malformed String Typo,'1.13.79',1.138,Confirmed Correction,High,Segmented decimal string normalized to local Simhadripuram standard 3-decimal baseline (S.NO 57=1.138)
84,Kondapuram,K.sugumanchipalli,OC,Decimal Keystroke Outlier Repair,31.0,0.31,Confirmed Correction,High,100x decimal omission error in mineral soil (31% OC physically impossible in semi-arid soils; baseline 0.11-0.80%)
372,Atloor,Atloor,OC,Decimal Keystroke Outlier Repair,30.35,0.30,Confirmed Correction,High,100x decimal omission error in mineral soil (Atloor baseline 0.02-0.35%)
144,Thondur,Thounduru,OC,Decimal Keystroke Outlier Repair,23.0,0.23,Confirmed Correction,High,100x decimal omission error in mineral soil (Thondur baseline 0.11-0.39%)
62,Simhadripuram,Simhadripuram-2,BA,Decimal Keystroke Outlier Repair,96.0,0.96,Confirmed Correction,High,Missing decimal point for 0.96 ppm (96.0 is 375x median; Simhadripuram baseline 0.06-2.78 ppm)
348,Mylavaram,M.Komaladinne,EC,Preserved Agronomic Extreme / Potential Anomaly,8.18,8.18,Preserved as Potential Anomaly,Moderate,Plausible localized extreme saline depression (solonchak condition) or possible 10x error (0.818); preserved without row deletion
379,Atloor,Atloor,P2O5,Preserved Geochemical Cluster Outlier,856.0,856.0,Preserved as Potential Anomaly,High,Authentic 16-record regional high-P cluster in Mandal Atloor (P2O5 439-856 kg/ha); preserved without row deletion
130,Chakrayapeta,Gaddamvaripalli,N,Preserved Agronomic Extreme,850.0,850.0,Preserved as Potential Anomaly,High,Plausible heavy commercial fertilizer / farmyard manure application prior to sampling; preserved without row deletion
422,Proddutur,Thallammapuram,N,Preserved Agronomic Extreme,801.0,801.0,Preserved as Potential Anomaly,High,Plausible heavy basal fertilizer application; preserved without row deletion
267,Mydukur,Annaluru,Humidity,Missing Value Imputation,NaN,72.59,Confirmed Imputation,High,"Imputed with overall dataset median (72.59%); Mydukur has 0 valid humidity entries (100% missing); listwise deletion would extinguish Vegetables, Turmeric, Chillis"
268,Mydukur,Annaluru,Humidity,Missing Value Imputation,NaN,72.59,Confirmed Imputation,High,"Imputed with overall dataset median (72.59%); Mydukur has 0 valid humidity entries (100% missing); listwise deletion would extinguish Vegetables, Turmeric, Chillis"
269,Mydukur,Sivapuram,Humidity,Missing Value Imputation,NaN,72.59,Confirmed Imputation,High,"Imputed with overall dataset median (72.59%); Mydukur has 0 valid humidity entries (100% missing); listwise deletion would extinguish Vegetables, Turmeric, Chillis"
270,Mydukur,Sivapuram,Humidity,Missing Value Imputation,NaN,72.59,Confirmed Imputation,High,"Imputed with overall dataset median (72.59%); Mydukur has 0 valid humidity entries (100% missing); listwise deletion would extinguish Vegetables, Turmeric, Chillis"
271,Mydukur,Nandyalampeta,Humidity,Missing Value Imputation,NaN,72.59,Confirmed Imputation,High,"Imputed with overall dataset median (72.59%); Mydukur has 0 valid humidity entries (100% missing); listwise deletion would extinguish Vegetables, Turmeric, Chillis"
272,Mydukur,Nandyalampeta,Humidity,Missing Value Imputation,NaN,72.59,Confirmed Imputation,High,"Imputed with overall dataset median (72.59%); Mydukur has 0 valid humidity entries (100% missing); listwise deletion would extinguish Vegetables, Turmeric, Chillis"
273,Mydukur,Nandyalampeta,Humidity,Missing Value Imputation,NaN,72.59,Confirmed Imputation,High,"Imputed with overall dataset median (72.59%); Mydukur has 0 valid humidity entries (100% missing); listwise deletion would extinguish Vegetables, Turmeric, Chillis"
274,Mydukur,Nandyalampeta,Humidity,Missing Value Imputation,NaN,72.59,Confirmed Imputation,High,"Imputed with overall dataset median (72.59%); Mydukur has 0 valid humidity entries (100% missing); listwise deletion would extinguish Vegetables, Turmeric, Chillis"
275,Mydukur,Audireddypalle,Humidity,Missing Value Imputation,NaN,72.59,Confirmed Imputation,High,"Imputed with overall dataset median (72.59%); Mydukur has 0 valid humidity entries (100% missing); listwise deletion would extinguish Vegetables, Turmeric, Chillis"
276,Mydukur,Audireddypalle,Humidity,Missing Value Imputation,NaN,72.59,Confirmed Imputation,High,"Imputed with overall dataset median (72.59%); Mydukur has 0 valid humidity entries (100% missing); listwise deletion would extinguish Vegetables, Turmeric, Chillis"
277,Mydukur,Settivaripalli,Humidity,Missing Value Imputation,NaN,72.59,Confirmed Imputation,High,"Imputed with overall dataset median (72.59%); Mydukur has 0 valid humidity entries (100% missing); listwise deletion would extinguish Vegetables, Turmeric, Chillis"
278,Mydukur,Settivaripalli,Humidity,Missing Value Imputation,NaN,72.59,Confirmed Imputation,High,"Imputed with overall dataset median (72.59%); Mydukur has 0 valid humidity entries (100% missing); listwise deletion would extinguish Vegetables, Turmeric, Chillis"
279,Mydukur,Viswanadhapuram,Humidity,Missing Value Imputation,NaN,72.59,Confirmed Imputation,High,"Imputed with overall dataset median (72.59%); Mydukur has 0 valid humidity entries (100% missing); listwise deletion would extinguish Vegetables, Turmeric, Chillis"
280,Mydukur,Viswanadhapuram,Humidity,Missing Value Imputation,NaN,72.59,Confirmed Imputation,High,"Imputed with overall dataset median (72.59%); Mydukur has 0 valid humidity entries (100% missing); listwise deletion would extinguish Vegetables, Turmeric, Chillis"
281,Mydukur,Onipenta,Humidity,Missing Value Imputation,NaN,72.59,Confirmed Imputation,High,"Imputed with overall dataset median (72.59%); Mydukur has 0 valid humidity entries (100% missing); listwise deletion would extinguish Vegetables, Turmeric, Chillis"
282,Mydukur,Onipenta,Humidity,Missing Value Imputation,NaN,72.59,Confirmed Imputation,High,"Imputed with overall dataset median (72.59%); Mydukur has 0 valid humidity entries (100% missing); listwise deletion would extinguish Vegetables, Turmeric, Chillis"
283,Mydukur,Mittamedapalle,Humidity,Missing Value Imputation,NaN,72.59,Confirmed Imputation,High,"Imputed with overall dataset median (72.59%); Mydukur has 0 valid humidity entries (100% missing); listwise deletion would extinguish Vegetables, Turmeric, Chillis"
284,Mydukur,Mittamedapalle,Humidity,Missing Value Imputation,NaN,72.59,Confirmed Imputation,High,"Imputed with overall dataset median (72.59%); Mydukur has 0 valid humidity entries (100% missing); listwise deletion would extinguish Vegetables, Turmeric, Chillis"
285,Mydukur,Ganjikunta,Humidity,Missing Value Imputation,NaN,72.59,Confirmed Imputation,High,"Imputed with overall dataset median (72.59%); Mydukur has 0 valid humidity entries (100% missing); listwise deletion would extinguish Vegetables, Turmeric, Chillis"
286,Mydukur,Ganjikunta,Humidity,Missing Value Imputation,NaN,72.59,Confirmed Imputation,High,"Imputed with overall dataset median (72.59%); Mydukur has 0 valid humidity entries (100% missing); listwise deletion would extinguish Vegetables, Turmeric, Chillis"
82,Kondapuram,Thalla Proddutur,CROP,Unresolved Crop Identity Anomaly,'Bean Gram','Bean Gram (Pending Verification)',Unresolved Anomaly,Moderate,Suspected typo for Bengal Gram in Kondapuram; retained distinct to avoid ungrounded guessing
83,Kondapuram,K.sugumanchipalli,CROP,Unresolved Crop Identity Anomaly,'Bean Gram','Bean Gram (Pending Verification)',Unresolved Anomaly,Moderate,Suspected typo for Bengal Gram in Kondapuram; retained distinct to avoid ungrounded guessing
84,Kondapuram,K.sugumanchipalli,CROP,Unresolved Crop Identity Anomaly,'Bean Gram','Bean Gram (Pending Verification)',Unresolved Anomaly,Moderate,Suspected typo for Bengal Gram in Kondapuram; retained distinct to avoid ungrounded guessing
0,All,All,FC,Ambiguous Feature Definition,Laboratory column FC,Retained in Full Lab Suite B,Unresolved Anomaly,Moderate,Uncertain laboratory abbreviation (Field Capacity vs DTPA-extractable Iron Fe); excluded from Core Verified Suite A
0,All,All,BA,Ambiguous Feature Definition,Laboratory column BA,Retained in Full Lab Suite B,Unresolved Anomaly,Moderate,Uncertain laboratory abbreviation (Available Boron B vs Barium Ba); excluded from Core Verified Suite A
