Model,Accuracy,Macro Precision,Macro Recall,Macro F1,Weighted Precision,Weighted Recall,Weighted F1,CV Mean,CV Std,Training Time
Random Forest (Baseline),0.520408,0.244331,0.238598,0.230547,0.4667,0.520408,0.479238,0.520408,0.043292,2.4472
Random Forest (Tuned),0.502041,0.216355,0.210567,0.204142,0.445632,0.502041,0.452091,0.502041,0.023624,5.1197
Extra Trees (Baseline),0.540816,0.261251,0.263529,0.251377,0.494466,0.540816,0.502041,0.540816,0.033534,1.5088
Extra Trees (Tuned),0.54898,0.236511,0.243309,0.230805,0.487762,0.54898,0.504164,0.54898,0.02692,3.0382
Gradient Boosting,0.440816,0.173098,0.172585,0.166493,0.421491,0.440816,0.423765,0.440816,0.042023,19.7682
HistGradientBoosting,0.510204,0.245745,0.25061,0.240299,0.464849,0.510204,0.478325,0.510204,0.046538,51.6358
AdaBoost,0.214286,0.052354,0.066996,0.047914,0.156554,0.214286,0.145602,0.214286,0.080864,1.3025
Voting Ensemble (ET+RF),0.536735,0.239298,0.235901,0.227534,0.476611,0.536735,0.488312,0.536735,0.015272,6.7736
Voting Ensemble (ET+RF+HGB),0.516327,0.248465,0.254984,0.243691,0.464908,0.516327,0.480556,0.516327,0.040096,63.2008
Stacking Ensemble,0.446939,0.156171,0.16606,0.151928,0.342495,0.446939,0.369969,0.446939,0.05179,9.3898
